Workbook
Name Slicer_City_tier: #N/A
Name Slicer_Diabetes_Status1: #N/A
Name Slicer_Hospital_tier: #N/A
Name Slicer_NumberOfMajorSurgeries: #N/A
Name Slicer_State_ID: #N/A
Name Slicer_Weight_Status: #N/A

Sheet Customer Names
A1: Customer ID | B1: name
A2: Id1 | B2: Hawks, Ms. Kelly
A3: Id2 | B3: Lehner, Mr. Matthew D
A4: Id3 | B4: Lu, Mr. Phil
A5: Id4 | B5: Osborne, Ms. Kelsey
A6: Id5 | B6: Kadala, Ms. Kristyn
A7: Id6 | B7: Baker, Mr. Russell B.
A8: Id7 | B8: Macpherson, Mr. Scott
A9: Id8 | B9: Hallman, Mr. Stephen
A10: Id9 | B10: Moran, Mr. Patrick R.
A11: Id10 | B11: Benner, Ms. Brooke N.
A12: Id11 | B12: Fierro Vargas, Ms. Paola Andrea
... A2336: Id2335 | B2336: German, Mr. Aaron K

Sheet Medical Examinations
A1: Customer ID | B1: BMI | C1: HBA1C | D1: Heart Issues | E1: Any Transplants | F1: Cancer history | G1: NumberOfMajorSurgeries | H1: smoker
A2: Id1 | B2: 47.41 | C2: 7.47 | D2: No | E2: No | F2: No | G2: No major surgery | H2: yes
A3: Id2 | B3: 30.36 | C3: 5.77 | D3: No | E3: No | F3: No | G3: No major surgery | H3: yes
A4: Id3 | B4: 34.485 | C4: 11.87 | D4: yes | E4: No | F4: No | G4: 2 | H4: yes
A5: Id4 | B5: 38.095 | C5: 6.05 | D5: No | E5: No | F5: No | G5: No major surgery | H5: yes
A6: Id5 | B6: 35.53 | C6: 5.45 | D6: No | E6: No | F6: No | G6: No major surgery | H6: yes
A7: Id6 | B7: 32.8 | C7: 6.59 | D7: No | E7: No | F7: No | G7: No major surgery | H7: yes
A8: Id7 | B8: 36.4 | C8: 6.07 | D8: No | E8: No | F8: No | G8: No major surgery | H8: yes
A9: Id8 | B9: 36.96 | C9: 7.93 | D9: No | E9: No | F9: No | G9: 3 | H9: yes
A10: Id9 | B10: 41.14 | C10: 9.58 | D10: yes | E10: No | F10: Yes | G10: 1 | H10: yes
A11: Id10 | B11: 38.06 | C11: 10.79 | D11: No | E11: No | F11: No | G11: No major surgery | H11: yes
A12: Id11 | B12: 37.7 | C12: 5.96 | D12: yes | E12: No | F12: No | G12: 2 | H12: yes
A13: Id12 | B13: 42.13 | C13: 11.9 | D13: No | E13: No | F13: No | G13: No major surgery | H13: yes
A14: Id13 | B14: 40.92 | C14: 8.41 | D14: No | E14: No | F14: No | G14: No major surgery | H14: yes
A15: Id14 | B15: 40.565 | C15: 7.02 | D15: No | E15: No | F15: No | G15: No major surgery | H15: yes
A16: Id15 | B16: 36.385 | C16: 7.59 | D16: yes | E16: No | F16: No | G16: 2 | H16: yes
A17: Id16 | B17: 39.9 | C17: 11.32 | D17: No | E17: No | F17: No | G17: No major surgery | H17: yes
A18: Id17 | B18: 33.8 | C18: 7.67 | D18: No | E18: No | F18: No | G18: 3 | H18: yes
A19: Id18 | B19: 36.765 | C19: 7.29 | D19: yes | E19: No | F19: Yes | G19: 1 | H19: yes
A20: Id19 | B20: 36.955 | C20: 4.72 | D20: yes | E20: No | F20: No | G20: 1 | H20: yes
A21: Id20 | B21: 42.9 | C21: 11.41 | D21: No | E21: No | F21: No | G21: No major surgery | H21: yes
A22: Id21 | B22: 36.3 | C22: 11.5 | D22: yes | E22: No | F22: No | G22: 2 | H22: yes
A23: Id22 | B23: 32.2 | C23: 6.22 | D23: yes | E23: No | F23: No | G23: 2 | H23: yes
A24: Id23 | B24: 31.3 | C24: 11.38 | D24: No | E24: No | F24: No | G24: 3 | H24: yes
A25: Id24 | B25: 41.8 | C25: 7.89 | D25: yes | E25: No | F25: No | G25: 2 | H25: yes
A26: Id25 | B26: 35.09 | C26: 4.38 | D26: yes | E26: No | F26: No | G26: 2 | H26: yes
A27: Id26 | B27: 33.88 | C27: 7.01 | D27: No | E27: No | F27: No | G27: 3 | H27: yes
A28: Id27 | B28: 30.875 | C28: 11.88 | D28: No | E28: No | F28: No | G28: No major surgery | H28: yes
A29: Id28 | B29: 36.86 | C29: 5.19 | D29: yes | E29: No | F29: Yes | G29: 1 | H29: yes
A30: Id29 | B30: 35.86 | C30: 6.74 | D30: yes | E30: No | F30: No | G30: 2 | H30: yes
A31: Id30 | B31: 37.05 | C31: 8.44 | D31: No | E31: No | F31: No | G31: No major surgery | H31: yes
A32: Id31 | B32: 43.89 | C32: 8.71 | D32: No | E32: No | F32: No | G32: No major surgery | H32: yes
A33: Id32 | B33: 42.35 | C33: 5.08 | D33: yes | E33: No | F33: No | G33: No major surgery | H33: yes
A34: Id33 | B34: 31.35 | C34: 6.86 | D34: No | E34: No | F34: No | G34: No major surgery | H34: yes
A35: Id34 | B35: 47.6 | C35: 5.95 | D35: yes | E35: No | F35: No | G35: No major surgery | H35: yes
A36: Id35 | B36: 46.2 | C36: 6.09 | D36: No | E36: No | F36: Yes | G36: 1 | H36: yes
A37: Id36 | B37: 32.015 | C37: 11.75 | D37: No | E37: No | F37: No | G37: No major surgery | H37: yes
A38: Id37 | B38: 40.565 | C38: 7.37 | D38: No | E38: No | F38: No | G38: No major surgery | H38: yes
A39: Id38 | B39: 32.45 | C39: 11.91 | D39: No | E39: No | F39: No | G39: No major surgery | H39: yes
A40: Id39 | B40: 34.96 | C40: 6.52 | D40: No | E40: No | F40: No | G40: No major surgery | H40: yes
A41: Id40 | B41: 35.5 | C41: 5.14 | D41: No | E41: No | F41: Yes | G41: 1 | H41: yes
A42: Id41 | B42: 52.58 | C42: 4.19 | D42: No | E42: yes | F42: No | G42: 1 | H42: yes
A43: Id42 | B43: 35.2 | C43: 11.68 | D43: yes | E43: No | F43: No | G43: No major surgery | H43: yes
A44: Id43 | B44: 38.06 | C44: 6.98 | D44: No | E44: No | F44: No | G44: No major surgery | H44: yes
A45: Id44 | B45: 34.21 | C45: 8.34 | D45: No | E45: No | F45: No | G45: No major surgery | H45: yes
A46: Id45 | B46: 38.94 | C46: 8.49 | D46: yes | E46: No | F46: No | G46: 1 | H46: yes
A47: Id46 | B47: 30.21 | C47: 5.34 | D47: yes | E47: No | F47: No | G47: 1 | H47: yes
A48: Id47 | B48: 33.63 | C48: 4.43 | D48: yes | E48: No | F48: No | G48: 2 | H48: yes
A49: Id48 | B49: 40.37 | C49: 4.47 | D49: No | E49: No | F49: No | G49: No major surgery | H49: yes
A50: Id49 | B50: 53.09 | C50: 4.82 | D50: yes | E50: No | F50: No | G50: 2 | H50: yes
A51: Id50 | B51: 31.79 | C51: 5.51 | D51: yes | E51: No | F51: No | G51: 2 | H51: yes
A52: Id51 | B52: 41.895 | C52: 10.87 | D52: yes | E52: No | F52: No | G52: 1 | H52: yes
A53: Id52 | B53: 31.16 | C53: 9.34 | D53: No | E53: No | F53: No | G53: No major surgery | H53: yes
A54: Id53 | B54: 34.105 | C54: 5.03 | D54: yes | E54: No | F54: Yes | G54: 1 | H54: yes
A55: Id54 | B55: 51.93 | C55: 11.05 | D55: No | E55: No | F55: No | G55: No major surgery | H55: yes
A56: Id55 | B56: 38.95 | C56: 11.95 | D56: No | E56: No | F56: No | G56: No major surgery | H56: yes
A57: Id56 | B57: 36.63 | C57: 7.72 | D57: yes | E57: No | F57: No | G57: 1 | H57: yes
A58: Id57 | B58: 34.2 | C58: 5.75 | D58: No | E58: No | F58: No | G58: 2 | H58: yes
A59: Id58 | B59: 50.63 | C59: 11.89 | D59: No | E59: No | F59: No | G59: No major surgery | H59: yes
A60: Id59 | B60: 36.48 | C60: 6.2 | D60: No | E60: No | F60: No | G60: No major surgery | H60: yes
A61: Id60 | B61: 54.82 | C61: 10.61 | D61: No | E61: No | F61: No | G61: No major surgery | H61: yes
A62: Id61 | B62: 38.06 | C62: 6.04 | D62: No | E62: No | F62: Yes | G62: 1 | H62: yes
A63: Id62 | B63: 51.48 | C63: 9.33 | D63: yes | E63: No | F63: No | G63: No major surgery | H63: yes
A64: Id63 | B64: 52.06 | C64: 11.47 | D64: No | E64: No | F64: No | G64: No major surgery | H64: yes
A65: Id64 | B65: 30.685 | C65: 7.02 | D65: yes | E65: No | F65: No | G65: No major surgery | H65: yes
A66: Id65 | B66: 36.08 | C66: 8.8 | D66: yes | E66: No | F66: No | G66: 1 | H66: yes
A67: Id66 | B67: 54.99 | C67: 8.68 | D67: No | E67: No | F67: No | G67: 2 | H67: yes
A68: Id67 | B68: 35.97 | C68: 6.12 | D68: No | E68: No | F68: Yes | G68: 1 | H68: yes
A69: Id68 | B69: 45.54 | C69: 5.4 | D69: yes | E69: No | F69: Yes | G69: 1 | H69: yes
A70: Id69 | B70: 35.53 | C70: 4.36 | D70: yes | E70: No | F70: No | G70: No major surgery | H70: yes
A71: Id70 | B71: 30.8 | C71: 9.77 | D71: No | E71: No | F71: No | G71: No major surgery | H71: yes
A72: Id71 | B72: 38.39 | C72: 4.25 | D72: No | E72: No | F72: No | G72: 1 | H72: yes
A73: Id72 | B73: 32.3 | C73: 4.76 | D73: No | E73: No | F73: No | G73: 2 | H73: yes
A74: Id73 | B74: 48.8 | C74: 6.22 | D74: yes | E74: No | F74: No | G74: 2 | H74: yes
A75: Id74 | B75: 45.5 | C75: 7.96 | D75: No | E75: No | F75: No | G75: No major surgery | H75: yes
A76: Id75 | B76: 53.61 | C76: 10.92 | D76: yes | E76: No | F76: No | G76: 1 | H76: yes
A77: Id76 | B77: 36.19 | C77: 11.51 | D77: yes | E77: No | F77: No | G77: 1 | H77: yes
A78: Id77 | B78: 34.6 | C78: 5.99 | D78: yes | E78: No | F78: No | G78: No major surgery | H78: yes
A79: Id78 | B79: 54.12 | C79: 11.57 | D79: No | E79: No | F79: No | G79: No major surgery | H79: yes
A80: Id79 | B80: 48.82 | C80: 6.67 | D80: yes | E80: No | F80: No | G80: No major surgery | H80: yes
A81: Id80 | B81: 51.01 | C81: 9.2 | D81: No | E81: No | F81: No | G81: No major surgery | H81: yes
A82: Id81 | B82: 45.65 | C82: 5.11 | D82: yes | E82: No | F82: No | G82: 1 | H82: yes
A83: Id82 | B83: 52.9 | C83: 5.34 | D83: No | E83: No | F83: No | G83: No major surgery | H83: yes
A84: Id83 | B84: 45.41 | C84: 4.03 | D84: yes | E84: No | F84: No | G84: 1 | H84: yes
A85: Id84 | B85: 49.41 | C85: 4.23 | D85: yes | E85: No | F85: Yes | G85: 1 | H85: yes
A86: Id85 | B86: 31.825 | C86: 4.06 | D86: No | E86: No | F86: No | G86: 2 | H86: yes
A87: Id86 | B87: 51.28 | C87: 4.68 | D87: No | E87: No | F87: No | G87: 2 | H87: yes
A88: Id87 | B88: 34.96 | C88: 4.34 | D88: No | E88: No | F88: Yes | G88: 1 | H88: yes
A89: Id88 | B89: 33.11 | C89: 10.51 | D89: No | E89: No | F89: No | G89: No major surgery | H89: yes
A90: Id89 | B90: 54.74 | C90: 5.84 | D90: yes | E90: No | F90: Yes | G90: 1 | H90: yes
A91: Id90 | B91: 32.56 | C91: 5.41 | D91: No | E91: No | F91: Yes | G91: 1 | H91: yes
A92: Id91 | B92: 39.05 | C92: 6.06 | D92: No | E92: No | F92: No | G92: 1 | H92: yes
A93: Id92 | B93: 42.75 | C93: 4.22 | D93: No | E93: No | F93: No | G93: No major surgery | H93: yes
A94: Id93 | B94: 50.58 | C94: 5.12 | D94: No | E94: No | F94: No | G94: 2 | H94: yes
A95: Id94 | B95: 30.495 | C95: 4.57 | D95: yes | E95: No | F95: No | G95: No major surgery | H95: yes
A96: Id95 | B96: 48.31 | C96: 9.58 | D96: yes | E96: No | F96: No | G96: 2 | H96: yes
A97: Id96 | B97: 48.99 | C97: 9.78 | D97: yes | E97: No | F97: No | G97: 1 | H97: yes
A98: Id97 | B98: 38.39 | C98: 4.11 | D98: yes | E98: No | F98: No | G98: No major surgery | H98: yes
A99: Id98 | B99: 44.34 | C99: 4.02 | D99: yes | E99: No | F99: No | G99: 2 | H99: yes
A100: Id99 | B100: 41.51 | C100: 6.92 | D100: No | E100: No | F100: No | G100: No major surgery | H100: yes
...

Sheet Hospitalisation Details
A1: Customer ID | B1: year | C1: month | D1: date | E1: children | F1: charges | G1: Hospital tier | H1: City tier | I1: State ID
A2: Id2335 | B2: 1992 | C2: Jul | D2: 9 | E2: 0 | F2: 563.84 | G2: tier - 2 | H2: tier - 3 | I2: R1013
A3: Id2334 | B3: 1992 | C3: Nov | D3: 30 | E3: 0 | F3: 570.62 | G3: tier - 2 | H3: tier - 1 | I3: R1013
A4: Id2333 | B4: 1993 | C4: Jun | D4: 30 | E4: 0 | F4: 600 | G4: tier - 2 | H4: tier - 1 | I4: R1013
A5: Id2332 | B5: 1992 | C5: Sep | D5: 13 | E5: 0 | F5: 604.54 | G5: tier - 3 | H5: tier - 3 | I5: R1013
A6: Id2331 | B6: 1998 | C6: Jul | D6: 27 | E6: 0 | F6: 637.26 | G6: tier - 3 | H6: tier - 3 | I6: R1013
A7: Id2330 | B7: 2001 | C7: Nov | D7: 20 | E7: 0 | F7: 646.14 | G7: tier - 3 | H7: tier - 3 | I7: R1012
A8: Id2329 | B8: 1993 | C8: Jun | D8: 1 | E8: 0 | F8: 650 | G8: tier - 3 | H8: tier - 3 | I8: R1013
A9: Id2328 | B9: 1995 | C9: Jul | D9: 4 | E9: 0 | F9: 650 | G9: tier - 3 | H9: tier - 3 | I9: R1013
A10: Id2327 | B10: 2002 | C10: Nov | D10: 29 | E10: 0 | F10: 668 | G10: tier - 3 | H10: tier - 2 | I10: R1012
A11: Id2326 | B11: 1997 | C11: Nov | D11: 9 | E11: 0 | F11: 670 | G11: tier - 3 | H11: tier - 3 | I11: R1013
A12: Id2325 | B12: 2001 | C12: Sep | D12: 12 | E12: 0 | F12: 687.54 | G12: tier - 3 | H12: tier - 2 | I12: R1013
A13: Id2324 | B13: 1999 | C13: Dec | D13: 26 | E13: 0 | F13: 700 | G13: ? | H13: tier - 3 | I13: R1013
... A1050: Id1290 | B1050: 1977 | C1050: Jul | D1050: 26 | E1050: 2 | F1050: 8527.53 | G1050: tier - 2 | H1050: tier - 2 | I1050: R1013
A1051: Id1289 | B1051: ? | C1051: Jul | D1051: 24 | E1051: 0 | F1051: 8534.67 | G1051: tier - 2 | H1051: tier - 3 | I1051: R1024
A1052: Id1288 | B1052: 1981 | C1052: Dec | D1052: 27 | E1052: 3 | F1052: 8538.29 | G1052: tier - 2 | H1052: tier - 3 | I1052: R1024
A1053: Id1287 | B1053: 1975 | C1053: Nov | D1053: 6 | E1053: 1 | F1053: 8539.67 | G1053: tier - 2 | H1053: tier - 3 | I1053: R1011
A1054: Id1286 | B1054: ? | C1054: Dec | D1054: 12 | E1054: 1 | F1054: 8547.69 | G1054: tier - 2 | H1054: tier - 1 | I1054: R1013
A1055: Id1285 | B1055: 1975 | C1055: Aug | D1055: 6 | E1055: 1 | F1055: 8551.35 | G1055: tier - 2 | H1055: tier - 2 | I1055: R1011
A1056: Id1284 | B1056: 1975 | C1056: Aug | D1056: 21 | E1056: 1 | F1056: 8556.91 | G1056: tier - 2 | H1056: tier - 1 | I1056: R1011
A1057: Id1283 | B1057: 1988 | C1057: Sep | D1057: 21 | E1057: 3 | F1057: 8567.25 | G1057: tier - 2 | H1057: tier - 1 | I1057: R1012
A1058: Id1282 | B1058: 1975 | C1058: Sep | D1058: 26 | E1058: 1 | F1058: 8569.86 | G1058: tier - 2 | H1058: tier - 3 | I1058: R1013
A1059: Id1281 | B1059: 1982 | C1059: Dec | D1059: 6 | E1059: 3 | F1059: 8572.04 | G1059: tier - 2 | H1059: tier - 2 | I1059: R1021
A1060: Id1280 | B1060: 1987 | C1060: Nov | D1060: 11 | E1060: 3 | F1060: 8573.3 | G1060: tier - 2 | H1060: tier - 2 | I1060: R1021
A1061: Id1279 | B1061: 1983 | C1061: Dec | D1061: 30 | E1061: 5 | F1061: 8582.3 | G1061: tier - 2 | H1061: tier - 1 | I1061: R1013
A1062: Id1278 | B1062: 1983 | C1062: Jul | D1062: 25 | E1062: 5 | F1062: 8596.83 | G1062: tier - 2 | H1062: tier - 3 | I1062: R1013
A1063: Id1277 | B1063: 1973 | C1063: Jul | D1063: 11 | E1063: 0 | F1063: 8601.33 | G1063: tier - 2 | H1063: tier - 1 | I1063: R1013
A1064: Id1276 | B1064: 1977 | C1064: Sep | D1064: 24 | E1064: 2 | F1064: 8603.82 | G1064: tier - 2 | H1064: tier - 1 | I1064: R1019
A1065: Id1275 | B1065: 1977 | C1065: Nov | D1065: 12 | E1065: 2 | F1065: 8604.48 | G1065: tier - 3 | H1065: tier - 2 | I1065: R1016
A1066: Id1274 | B1066: 1977 | C1066: Oct | D1066: 15 | E1066: 3 | F1066: 8605.36 | G1066: tier - 2 | H1066: tier - 2 | I1066: R1013
... A2344: Id1 | B2344: 1968 | C2344: Oct | D2344: 12 | E2344: 0 | F2344: 63770.43 | G2344: tier - 1 | H2344: tier - 3 | I2344: R1013

Sheet Answer Data Cleaning
A1: Sl No | B1: 1 | K1: 2 | P1: 3 | R1: 4 | AA1: 3 | AC1: 3
J2: Average of year | K2: =AVERAGE('Hospitalisation Details'!B2:B23440) -> 1982.8415
B3: Number of missing values marked with '?' in each column of the “Medical Examinations” Table | F3: Number of missing values marked with '?' in each column of the"Hospitalization Details" Table. | J3: Customer ID | K3: year | L3: month | M3: date | N3: children | O3: charges | P3: Hospital tier | Q3: City tier | R3: State ID | T3: Customer ID | U3: BMI | V3: HBA1C | W3: Heart Issues | X3: Any Transplants | Y3: Cancer history | Z3: NumberOfMajorSurgeries | AA3: smoker | AC3: Most frequently occurring values in Smoker is "No"
B4: Column Name | C4: Number of Missing Value | F4: Column Name | G4: Number of Missing Value | J4: Id2335 | K4: 1992 | L4: Jul | M4: 9 | N4: 0 | O4: 563.84 | P4: tier - 2 | Q4: tier - 3 | R4: =IF('Hospitalisation Details'!I2="?","Unknown",'Hospitalisation Details'!I2) -> R1013 | T4: Id1 | U4: 47.41 | V4: 7.47 | W4: No | X4: No | Y4: No | Z4: No major surgery | AA4: yes | AC4: Column Name | AD4: Count of "Yes" | AE4: Count Of "No"
B5: Customer ID | C5: =COUNTIF('Medical Examinations'!A2:A2336,"?") -> 0 | F5: Customer ID | G5: =COUNTIF('Hospitalisation Details'!A2:A2344,"?") -> 6 | J5: Id2334 | K5: 1992 | L5: Nov | M5: 30 | N5: 0 | O5: 570.62 | P5: tier - 2 | Q5: tier - 1 | R5: =IF('Hospitalisation Details'!I3="?","Unknown",'Hospitalisation Details'!I3) -> R1013 | T5: Id2 | U5: 30.36 | V5: 5.77 | W5: No | X5: No | Y5: No | Z5: No major surgery | AA5: yes | AC5: smoker | AD5: =COUNTIF('Medical Examinations'!$H2:$H2336,"yes") -> 488 | AE5: =COUNTIF('Medical Examinations'!$H2:$H2336,"No") -> 1845
B6: BMI | C6: =COUNTIF('Medical Examinations'!B2:B2336,"?") -> 0 | F6: year | G6: =COUNTIF('Hospitalisation Details'!B2:B2344,"?") -> 2 | J6: Id2333 | K6: 1993 | L6: Jun | M6: 30 | N6: 0 | O6: 600 | P6: tier - 2 | Q6: tier - 1 | R6: =IF('Hospitalisation Details'!I4="?","Unknown",'Hospitalisation Details'!I4) -> R1013 | T6: Id3 | U6: 34.485 | V6: 11.87 | W6: yes | X6: No | Y6: No | Z6: 2 | AA6: yes
B7: HBA1C | C7: =COUNTIF('Medical Examinations'!C2:C2336,"?") -> 0 | F7: month | G7: =COUNTIF('Hospitalisation Details'!C2:C2344,"?") -> 3 | J7: Id2332 | K7: 1992 | L7: Sep | M7: 13 | N7: 0 | O7: 604.54 | P7: tier - 3 | Q7: tier - 3 | R7: =IF('Hospitalisation Details'!I5="?","Unknown",'Hospitalisation Details'!I5) -> R1013 | T7: Id4 | U7: 38.095 | V7: 6.05 | W7: No | X7: No | Y7: No | Z7: No major surgery | AA7: yes | AC7: Most frequently occurring values in Hospital tier is tier - 2 and City tier is tier - 2
B8: Heart Issues | C8: =COUNTIF('Medical Examinations'!D2:D2336,"?") -> 0 | F8: date | G8: =COUNTIF('Hospitalisation Details'!D2:D2344,"?") -> 0 | J8: Id2331 | K8: 1998 | L8: Jul | M8: 27 | N8: 0 | O8: 637.26 | P8: tier - 3 | Q8: tier - 3 | R8: =IF('Hospitalisation Details'!I6="?","Unknown",'Hospitalisation Details'!I6) -> R1013 | T8: Id5 | U8: 35.53 | V8: 5.45 | W8: No | X8: No | Y8: No | Z8: No major surgery | AA8: yes
B9: Any Transplants | C9: =COUNTIF('Medical Examinations'!E2:E2336,"?") -> 0 | F9: children | G9: =COUNTIF('Hospitalisation Details'!E2:E2344,"?") -> 0 | J9: Id2330 | K9: 2001 | L9: Nov | M9: 20 | N9: 0 | O9: 646.14 | P9: tier - 3 | Q9: tier - 3 | R9: =IF('Hospitalisation Details'!I7="?","Unknown",'Hospitalisation Details'!I7) -> R1012 | T9: Id6 | U9: 32.8 | V9: 6.59 | W9: No | X9: No | Y9: No | Z9: No major surgery | AA9: yes | AC9: Column Name | AD9: Count of tier - 1 | AE9: Count of tier - 2 | AF9: Count of tier - 3
B10: Cancer history | C10: =COUNTIF('Medical Examinations'!F2:F2336,"?") -> 0 | F10: charges | G10: =COUNTIF('Hospitalisation Details'!F2:F2344,"?") -> 0 | J10: Id2329 | K10: 1993 | L10: Jun | M10: 1 | N10: 0 | O10: 650 | P10: tier - 3 | Q10: tier - 3 | R10: =IF('Hospitalisation Details'!I8="?","Unknown",'Hospitalisation Details'!I8) -> R1013 | T10: Id7 | U10: 36.4 | V10: 6.07 | W10: No | X10: No | Y10: No | Z10: No major surgery | AA10: yes | AC10: Hospital tier | AD10: =COUNTIF('Hospitalisation Details'!$G2:$G2344,"tier - 1") -> 309 | AE10: =COUNTIF('Hospitalisation Details'!$G2:$G2344,"tier - 2") -> 1339 | AF10: =COUNTIF('Hospitalisation Details'!$G2:$G2344,"tier - 3") -> 694
B11: NumberOfMajorSurgeries | C11: =COUNTIF('Medical Examinations'!G2:G2336,"?") -> 0 | F11: Hospital tier | G11: =COUNTIF('Hospitalisation Details'!G2:G2344,"?") -> 1 | J11: Id2328 | K11: 1995 | L11: Jul | M11: 4 | N11: 0 | O11: 650 | P11: tier - 3 | Q11: tier - 3 | R11: =IF('Hospitalisation Details'!I9="?","Unknown",'Hospitalisation Details'!I9) -> R1013 | T11: Id8 | U11: 36.96 | V11: 7.93 | W11: No | X11: No | Y11: No | Z11: 3 | AA11: yes | AC11: City tier | AD11: =COUNTIF('Hospitalisation Details'!$H2:$H2344,"tier - 1") -> 734 | AE11: =COUNTIF('Hospitalisation Details'!$H2:$H2344,"tier - 2") -> 812 | AF11: =COUNTIF('Hospitalisation Details'!$H2:$H2344,"tier - 3") -> 796
B12: smoker | C12: =COUNTIF('Medical Examinations'!H2:H2336,"?") -> 2 | F12: City tier | G12: =COUNTIF('Hospitalisation Details'!H2:H2344,"?") -> 1 | J12: Id2327 | K12: 2002 | L12: Nov | M12: 29 | N12: 0 | O12: 668 | P12: tier - 3 | Q12: tier - 2 | R12: =IF('Hospitalisation Details'!I10="?","Unknown",'Hospitalisation Details'!I10) -> R1012 | T12: Id9 | U12: 41.14 | V12: 9.58 | W12: yes | X12: No | Y12: Yes | Z12: 1 | AA12: yes
F13: State ID | G13: =COUNTIF('Hospitalisation Details'!I2:I2344,"?") -> 2 | J13: Id2326 | K13: 1997 | L13: Nov | M13: 9 | N13: 0 | O13: 670 | P13: tier - 3 | Q13: tier - 3 | R13: =IF('Hospitalisation Details'!I11="?","Unknown",'Hospitalisation Details'!I11) -> R1013 | T13: Id10 | U13: 38.06 | V13: 10.79 | W13: No | X13: No | Y13: No | Z13: No major surgery | AA13: yes
J14: Id2325 | K14: 2001 | L14: Sep | M14: 12 | N14: 0 | O14: 687.54 | P14: tier - 3 | Q14: tier - 2 | R14: =IF('Hospitalisation Details'!I12="?","Unknown",'Hospitalisation Details'!I12) -> R1013 | T14: Id11 | U14: 37.7 | V14: 5.96 | W14: yes | X14: No | Y14: No | Z14: 2 | AA14: yes
J15: Id2324 | K15: 1999 | L15: Dec | M15: 26 | N15: 0 | O15: 700 | P15: tier - 2 | Q15: tier - 3 | R15: =IF('Hospitalisation Details'!I13="?","Unknown",'Hospitalisation Details'!I13) -> R1013 | T15: Id12 | U15: 42.13 | V15: 11.9 | W15: No | X15: No | Y15: No | Z15: No major surgery | AA15: yes
J16: Id2323 | K16: 1999 | L16: Dec | M16: 14 | N16: 0 | O16: 722.99 | P16: tier - 3 | Q16: tier - 1 | R16: =IF('Hospitalisation Details'!I14="?","Unknown",'Hospitalisation Details'!I14) -> R1013 | T16: Id13 | U16: 40.92 | V16: 8.41 | W16: No | X16: No | Y16: No | Z16: No major surgery | AA16: yes
J17: Id2322 | K17: 2002 | L17: Sep | M17: 19 | N17: 0 | O17: 750 | P17: tier - 3 | Q17: tier - 1 | R17: =IF('Hospitalisation Details'!I15="?","Unknown",'Hospitalisation Details'!I15) -> R1012 | T17: Id14 | U17: 40.565 | V17: 7.02 | W17: No | X17: No | Y17: No | Z17: No major surgery | AA17: yes
J18: Id2321 | K18: 1993 | L18: Aug | M18: 9 | N18: 0 | O18: 760 | P18: tier - 3 | Q18: tier - 1 | R18: =IF('Hospitalisation Details'!I16="?","Unknown",'Hospitalisation Details'!I16) -> R1013 | T18: Id15 | U18: 36.385 | V18: 7.59 | W18: yes | X18: No | Y18: No | Z18: 2 | AA18: yes
A19: 2 | J19: Id2320 | K19: 1996 | L19: Oct | M19: 22 | N19: 0 | O19: 760 | P19: tier - 3 | Q19: tier - 3 | R19: =IF('Hospitalisation Details'!I17="?","Unknown",'Hospitalisation Details'!I17) -> R1013 | T19: Id16 | U19: 39.9 | V19: 11.32 | W19: No | X19: No | Y19: No | Z19: No major surgery | AA19: yes
J20: Id2319 | K20: 1993 | L20: Jun | M20: 28 | N20: 0 | O20: 770 | P20: tier - 3 | Q20: tier - 3 | R20: =IF('Hospitalisation Details'!I18="?","Unknown",'Hospitalisation Details'!I18) -> R1013 | T20: Id17 | U20: 33.8 | V20: 7.67 | W20: No | X20: No | Y20: No | Z20: 3 | AA20: yes
J21: Id2318 | K21: 1996 | L21: Sep | M21: 18 | N21: 0 | O21: 770.38 | P21: tier - 3 | Q21: tier - 2 | R21: =IF('Hospitalisation Details'!I19="?","Unknown",'Hospitalisation Details'!I19) -> R1012 | T21: Id18 | U21: 36.765 | V21: 7.29 | W21: yes | X21: No | Y21: Yes | Z21: 1 | AA21: yes
J22: Id2317 | K22: 1995 | L22: Dec | M22: 7 | N22: 0 | O22: 773.54 | P22: tier - 3 | Q22: tier - 2 | R22: =IF('Hospitalisation Details'!I20="?","Unknown",'Hospitalisation Details'!I20) -> R1013 | T22: Id19 | U22: 36.955 | V22: 4.72 | W22: yes | X22: No | Y22: No | Z22: 1 | AA22: yes
J23: Id2316 | K23: 2004 | L23: Oct | M23: 7 | N23: 0 | O23: 830.52 | P23: tier - 3 | Q23: tier - 2 | R23: =IF('Hospitalisation Details'!I21="?","Unknown",'Hospitalisation Details'!I21) -> R1011 | T23: Id20 | U23: 42.9 | V23: 11.41 | W23: No | X23: No | Y23: No | Z23: No major surgery | AA23: yes
J24: Id2315 | K24: 2000 | L24: Nov | M24: 18 | N24: 0 | O24: 865.41 | P24: tier - 3 | Q24: tier - 1 | R24: =IF('Hospitalisation Details'!I22="?","Unknown",'Hospitalisation Details'!I22) -> R1013 | T24: Id21 | U24: 36.3 | V24: 11.5 | W24: yes | X24: No | Y24: No | Z24: 2 | AA24: yes
J25: Id2314 | K25: 1993 | L25: Nov | M25: 27 | N25: 0 | O25: 896.21 | P25: tier - 3 | Q25: tier - 1 | R25: =IF('Hospitalisation Details'!I23="?","Unknown",'Hospitalisation Details'!I23) -> R1013 | T25: Id22 | U25: 32.2 | V25: 6.22 | W25: yes | X25: No | Y25: No | Z25: 2 | AA25: yes
J26: Id2313 | K26: 1994 | L26: Oct | M26: 30 | N26: 0 | O26: 915.07 | P26: tier - 3 | Q26: tier - 1 | R26: =IF('Hospitalisation Details'!I24="?","Unknown",'Hospitalisation Details'!I24) -> R1013 | T26: Id23 | U26: 31.3 | V26: 11.38 | W26: No | X26: No | Y26: No | Z26: 3 | AA26: yes
J27: Id2312 | K27: 1995 | L27: Oct | M27: 28 | N27: 0 | O27: 928.59 | P27: tier - 3 | Q27: tier - 1 | R27: =IF('Hospitalisation Details'!I25="?","Unknown",'Hospitalisation Details'!I25) -> R1013 | T27: Id24 | U27: 41.8 | V27: 7.89 | W27: yes | X27: No | Y27: No | Z27: 2 | AA27: yes
J28: Id2311 | K28: 2001 | L28: Aug | M28: 19 | N28: 0 | O28: 964.71 | P28: tier - 3 | Q28: tier - 2 | R28: =IF('Hospitalisation Details'!I26="?","Unknown",'Hospitalisation Details'!I26) -> R1013 | T28: Id25 | U28: 35.09 | V28: 4.38 | W28: yes | X28: No | Y28: No | Z28: 2 | AA28: yes
J29: Id2310 | K29: 1994 | L29: Nov | M29: 22 | N29: 0 | O29: 1006.65 | P29: tier - 3 | Q29: tier - 2 | R29: =IF('Hospitalisation Details'!I27="?","Unknown",'Hospitalisation Details'!I27) -> R1013 | T29: Id26 | U29: 33.88 | V29: 7.01 | W29: No | X29: No | Y29: No | Z29: 3 | AA29: yes
J30: Id2309 | K30: 2000 | L30: Oct | M30: 9 | N30: 0 | O30: 1012 | P30: tier - 3 | Q30: tier - 2 | R30: =IF('Hospitalisation Details'!I28="?","Unknown",'Hospitalisation Details'!I28) -> R1013 | T30: Id27 | U30: 30.875 | V30: 11.88 | W30: No | X30: No | Y30: No | Z30: No major surgery | AA30: yes
J31: Id2308 | K31: 1999 | L31: Aug | M31: 5 | N31: 0 | O31: 1019 | P31: tier - 3 | Q31: tier - 2 | R31: =IF('Hospitalisation Details'!I29="?","Unknown",'Hospitalisation Details'!I29) -> R1013 | T31: Id28 | U31: 36.86 | V31: 5.19 | W31: yes | X31: No | Y31: Yes | Z31: 1 | AA31: yes
J32: Id2307 | K32: 1995 | L32: Oct | M32: 5 | N32: 0 | O32: 1033.74 | P32: tier - 3 | Q32: tier - 1 | R32: =IF('Hospitalisation Details'!I30="?","Unknown",'Hospitalisation Details'!I30) -> R1013 | T32: Id29 | U32: 35.86 | V32: 6.74 | W32: yes | X32: No | Y32: No | Z32: 2 | AA32: yes
J33: Id2306 | K33: 1994 | L33: Nov | M33: 17 | N33: 0 | O33: 1044 | P33: tier - 3 | Q33: tier - 2 | R33: =IF('Hospitalisation Details'!I31="?","Unknown",'Hospitalisation Details'!I31) -> R1013 | T33: Id30 | U33: 37.05 | V33: 8.44 | W33: No | X33: No | Y33: No | Z33: No major surgery | AA33: yes
J34: Id2305 | K34: 2002 | L34: Jul | M34: 20 | N34: 0 | O34: 1047 | P34: tier - 3 | Q34: tier - 1 | R34: =IF('Hospitalisation Details'!I32="?","Unknown",'Hospitalisation Details'!I32) -> R1013 | T34: Id31 | U34: 43.89 | V34: 8.71 | W34: No | X34: No | Y34: No | Z34: No major surgery | AA34: yes
J35: Id2304 | K35: 2002 | L35: Jul | M35: 1 | N35: 0 | O35: 1049 | P35: tier - 3 | Q35: tier - 2 | R35: =IF('Hospitalisation Details'!I33="?","Unknown",'Hospitalisation Details'!I33) -> R1012 | T35: Id32 | U35: 42.35 | V35: 5.08 | W35: yes | X35: No | Y35: No | Z35: No major surgery | AA35: yes
J36: Id2303 | K36: 1995 | L36: Jun | M36: 1 | N36: 0 | O36: 1056 | P36: tier - 3 | Q36: tier - 2 | R36: =IF('Hospitalisation Details'!I34="?","Unknown",'Hospitalisation Details'!I34) -> R1013 | T36: Id33 | U36: 31.35 | V36: 6.86 | W36: No | X36: No | Y36: No | Z36: No major surgery | AA36: yes
J37: Id2302 | K37: 1993 | L37: Sep | M37: 28 | N37: 0 | O37: 1068 | P37: tier - 3 | Q37: tier - 1 | R37: =IF('Hospitalisation Details'!I35="?","Unknown",'Hospitalisation Details'!I35) -> R1013 | T37: Id34 | U37: 47.6 | V37: 5.95 | W37: yes | X37: No | Y37: No | Z37: No major surgery | AA37: yes
J38: Id2301 | K38: 2004 | L38: Aug | M38: 24 | N38: 0 | O38: 1070 | P38: tier - 3 | Q38: tier - 3 | R38: =IF('Hospitalisation Details'!I36="?","Unknown",'Hospitalisation Details'!I36) -> R1013 | T38: Id35 | U38: 46.2 | V38: 6.09 | W38: No | X38: No | Y38: Yes | Z38: 1 | AA38: yes
J39: Id2300 | K39: 1997 | L39: Aug | M39: 13 | N39: 0 | O39: 1071 | P39: tier - 3 | Q39: tier - 3 | R39: =IF('Hospitalisation Details'!I37="?","Unknown",'Hospitalisation Details'!I37) -> R1013 | T39: Id36 | U39: 32.015 | V39: 11.75 | W39: No | X39: No | Y39: No | Z39: No major surgery | AA39: yes
J40: Id2299 | K40: 1998 | L40: Dec | M40: 26 | N40: 0 | O40: 1082 | P40: tier - 3 | Q40: tier - 2 | R40: =IF('Hospitalisation Details'!I38="?","Unknown",'Hospitalisation Details'!I38) -> R1013 | T40: Id37 | U40: 40.565 | V40: 7.37 | W40: No | X40: No | Y40: No | Z40: No major surgery | AA40: yes
J41: Id2298 | K41: 2002 | L41: Aug | M41: 13 | N41: 0 | O41: 1086 | P41: tier - 3 | Q41: tier - 3 | R41: =IF('Hospitalisation Details'!I39="?","Unknown",'Hospitalisation Details'!I39) -> R1013 | T41: Id38 | U41: 32.45 | V41: 11.91 | W41: No | X41: No | Y41: No | Z41: No major surgery | AA41: yes
J42: Id2297 | K42: 2004 | L42: Nov | M42: 12 | N42: 0 | O42: 1121.87 | P42: tier - 3 | Q42: tier - 1 | R42: =IF('Hospitalisation Details'!I40="?","Unknown",'Hospitalisation Details'!I40) -> R1013 | T42: Id39 | U42: 34.96 | V42: 6.52 | W42: No | X42: No | Y42: No | Z42: No major surgery | AA42: yes
J43: Id2296 | K43: 2004 | L43: Jun | M43: 14 | N43: 0 | O43: 1131.51 | P43: tier - 3 | Q43: tier - 1 | R43: =IF('Hospitalisation Details'!I41="?","Unknown",'Hospitalisation Details'!I41) -> R1013 | T43: Id40 | U43: 35.5 | V43: 5.14 | W43: No | X43: No | Y43: Yes | Z43: 1 | AA43: yes
J44: Id2295 | K44: 2002 | L44: Jul | M44: 19 | N44: 0 | O44: 1132 | P44: tier - 3 | Q44: tier - 1 | R44: =IF('Hospitalisation Details'!I42="?","Unknown",'Hospitalisation Details'!I42) -> R1013 | T44: Id41 | U44: 52.58 | V44: 4.19 | W44: No | X44: yes | Y44: No | Z44: 1 | AA44: yes
J45: Id2294 | K45: 2004 | L45: Oct | M45: 6 | N45: 0 | O45: 1135 | P45: tier - 3 | Q45: tier - 3 | R45: =IF('Hospitalisation Details'!I43="?","Unknown",'Hospitalisation Details'!I43) -> R1013 | T45: Id42 | U45: 35.2 | V45: 11.68 | W45: yes | X45: No | Y45: No | Z45: No major surgery | AA45: yes
J46: Id2293 | K46: 2004 | L46: Jun | M46: 11 | N46: 0 | O46: 1135.94 | P46: tier - 3 | Q46: tier - 3 | R46: =IF('Hospitalisation Details'!I44="?","Unknown",'Hospitalisation Details'!I44) -> R1013 | T46: Id43 | U46: 38.06 | V46: 6.98 | W46: No | X46: No | Y46: No | Z46: No major surgery | AA46: yes
J47: Id2292 | K47: 2004 | L47: Nov | M47: 28 | N47: 0 | O47: 1136.4 | P47: tier - 3 | Q47: tier - 3 | R47: =IF('Hospitalisation Details'!I45="?","Unknown",'Hospitalisation Details'!I45) -> R1013 | T47: Id44 | U47: 34.21 | V47: 8.34 | W47: No | X47: No | Y47: No | Z47: No major surgery | AA47: yes
J48: Id2291 | K48: 2002 | L48: Aug | M48: 11 | N48: 0 | O48: 1137 | P48: tier - 3 | Q48: tier - 1 | R48: =IF('Hospitalisation Details'!I46="?","Unknown",'Hospitalisation Details'!I46) -> R1013 | T48: Id45 | U48: 38.94 | V48: 8.49 | W48: yes | X48: No | Y48: No | Z48: 1 | AA48: yes
J49: ? | K49: 2004 | L49: Nov | M49: 6 | N49: 0 | O49: 1137.01 | P49: tier - 3 | Q49: tier - 1 | R49: =IF('Hospitalisation Details'!I47="?","Unknown",'Hospitalisation Details'!I47) -> R1013 | T49: Id46 | U49: 30.21 | V49: 5.34 | W49: yes | X49: No | Y49: No | Z49: 1 | AA49: yes
J50: Id2290 | K50: 2004 | L50: Oct | M50: 15 | N50: 0 | O50: 1137.01 | P50: tier - 3 | Q50: tier - 1 | R50: =IF('Hospitalisation Details'!I48="?","Unknown",'Hospitalisation Details'!I48) -> R1013 | T50: Id47 | U50: 33.63 | V50: 4.43 | W50: yes | X50: No | Y50: No | Z50: 2 | AA50: yes
J51: Id2289 | K51: 2004 | L51: Nov | M51: 27 | N51: 0 | O51: 1137.47 | P51: tier - 3 | Q51: tier - 2 | R51: =IF('Hospitalisation Details'!I49="?","Unknown",'Hospitalisation Details'!I49) -> R1013 | T51: Id48 | U51: 40.37 | V51: 4.47 | W51: No | X51: No | Y51: No | Z51: No major surgery | AA51: yes
J52: Id2288 | K52: 2001 | L52: Oct | M52: 25 | N52: 0 | O52: 1141 | P52: tier - 3 | Q52: tier - 1 | R52: =IF('Hospitalisation Details'!I50="?","Unknown",'Hospitalisation Details'!I50) -> R1013 | T52: Id49 | U52: 53.09 | V52: 4.82 | W52: yes | X52: No | Y52: No | Z52: 2 | AA52: yes
J53: Id2287 | K53: 2004 | L53: Sep | M53: 12 | N53: 0 | O53: 1141.45 | P53: tier - 3 | Q53: tier - 3 | R53: =IF('Hospitalisation Details'!I51="?","Unknown",'Hospitalisation Details'!I51) -> R1013 | T53: Id50 | U53: 31.79 | V53: 5.51 | W53: yes | X53: No | Y53: No | Z53: 2 | AA53: yes
J54: Id2286 | K54: 2002 | L54: Oct | M54: 1 | N54: 0 | O54: 1142 | P54: tier - 3 | Q54: tier - 2 | R54: =IF('Hospitalisation Details'!I52="?","Unknown",'Hospitalisation Details'!I52) -> R1011 | T54: Id51 | U54: 41.895 | V54: 10.87 | W54: yes | X54: No | Y54: No | Z54: 1 | AA54: yes
J55: Id2285 | K55: 2004 | L55: Jun | M55: 10 | N55: 0 | O55: 1146.8 | P55: tier - 2 | Q55: tier - 2 | R55: =IF('Hospitalisation Details'!I53="?","Unknown",'Hospitalisation Details'!I53) -> R1013 | T55: Id52 | U55: 31.16 | V55: 9.34 | W55: No | X55: No | Y55: No | Z55: No major surgery | AA55: yes
J56: Id2284 | K56: 2003 | L56: Jun | M56: 12 | N56: 0 | O56: 1149 | P56: tier - 2 | Q56: tier - 1 | R56: =IF('Hospitalisation Details'!I54="?","Unknown",'Hospitalisation Details'!I54) -> R1012 | T56: Id53 | U56: 34.105 | V56: 5.03 | W56: yes | X56: No | Y56: Yes | Z56: 1 | AA56: yes
J57: Id2283 | K57: 2004 | L57: Jul | M57: 18 | N57: 0 | O57: 1149.4 | P57: tier - 2 | Q57: tier - 2 | R57: =IF('Hospitalisation Details'!I55="?","Unknown",'Hospitalisation Details'!I55) -> R1013 | T57: Id54 | U57: 51.93 | V57: 11.05 | W57: No | X57: No | Y57: No | Z57: No major surgery | AA57: yes
J58: Id2282 | K58: 1994 | L58: Jul | M58: 26 | N58: 0 | O58: 1158.32 | P58: tier - 2 | Q58: tier - 1 | R58: =IF('Hospitalisation Details'!I56="?","Unknown",'Hospitalisation Details'!I56) -> R1013 | T58: Id55 | U58: 38.95 | V58: 11.95 | W58: No | X58: No | Y58: No | Z58: No major surgery | AA58: yes
J59: Id2281 | K59: 2004 | L59: Nov | M59: 11 | N59: 0 | O59: 1163.46 | P59: tier - 2 | Q59: tier - 3 | R59: =IF('Hospitalisation Details'!I57="?","Unknown",'Hospitalisation Details'!I57) -> R1013 | T59: Id56 | U59: 36.63 | V59: 7.72 | W59: yes | X59: No | Y59: No | Z59: 1 | AA59: yes
J60: Id2280 | K60: 2002 | L60: Jun | M60: 11 | N60: 0 | O60: 1165 | P60: tier - 2 | Q60: tier - 3 | R60: =IF('Hospitalisation Details'!I58="?","Unknown",'Hospitalisation Details'!I58) -> R1012 | T60: Id57 | U60: 34.2 | V60: 5.75 | W60: No | X60: No | Y60: No | Z60: 2 | AA60: yes
J61: Id2279 | K61: 2001 | L61: Nov | M61: 12 | N61: 0 | O61: 1167 | P61: tier - 2 | Q61: tier - 1 | R61: =IF('Hospitalisation Details'!I59="?","Unknown",'Hospitalisation Details'!I59) -> R1013 | T61: Id58 | U61: 50.63 | V61: 11.89 | W61: No | X61: No | Y61: No | Z61: No major surgery | AA61: yes
J62: Id2278 | K62: 1996 | L62: Aug | M62: 11 | N62: 0 | O62: 1178 | P62: tier - 2 | Q62: tier - 3 | R62: =IF('Hospitalisation Details'!I60="?","Unknown",'Hospitalisation Details'!I60) -> R1013 | T62: Id59 | U62: 36.48 | V62: 6.2 | W62: No | X62: No | Y62: No | Z62: No major surgery | AA62: yes
J63: Id2277 | K63: 1997 | L63: Jun | M63: 28 | N63: 0 | O63: 1178.07 | P63: tier - 2 | Q63: tier - 2 | R63: =IF('Hospitalisation Details'!I61="?","Unknown",'Hospitalisation Details'!I61) -> R1013 | T63: Id60 | U63: 54.82 | V63: 10.61 | W63: No | X63: No | Y63: No | Z63: No major surgery | AA63: yes
J64: Id2276 | K64: 2002 | L64: Aug | M64: 26 | N64: 0 | O64: 1191 | P64: tier - 2 | Q64: tier - 1 | R64: =IF('Hospitalisation Details'!I62="?","Unknown",'Hospitalisation Details'!I62) -> R1013 | T64: Id61 | U64: 38.06 | V64: 6.04 | W64: No | X64: No | Y64: Yes | Z64: 1 | AA64: yes
J65: Id2275 | K65: 1999 | L65: Jun | M65: 28 | N65: 0 | O65: 1200 | P65: tier - 2 | Q65: tier - 3 | R65: =IF('Hospitalisation Details'!I63="?","Unknown",'Hospitalisation Details'!I63) -> R1012 | T65: Id62 | U65: 51.48 | V65: 9.33 | W65: yes | X65: No | Y65: No | Z65: No major surgery | AA65: yes
J66: Id2274 | K66: 1992 | L66: Oct | M66: 6 | N66: 0 | O66: 1200.55 | P66: tier - 2 | Q66: tier - 3 | R66: =IF('Hospitalisation Details'!I64="?","Unknown",'Hospitalisation Details'!I64) -> R1013 | T66: Id63 | U66: 52.06 | V66: 11.47 | W66: No | X66: No | Y66: No | Z66: No major surgery | AA66: yes
J67: Id2273 | K67: 2004 | L67: Jun | M67: 2 | N67: 0 | O67: 1210 | P67: tier - 2 | Q67: tier - 1 | R67: =IF('Hospitalisation Details'!I65="?","Unknown",'Hospitalisation Details'!I65) -> R1013 | T67: Id64 | U67: 30.685 | V67: 7.02 | W67: yes | X67: No | Y67: No | Z67: No major surgery | AA67: yes
J68: Id2272 | K68: 1996 | L68: Nov | M68: 4 | N68: 0 | O68: 1220 | P68: tier - 2 | Q68: tier - 3 | R68: =IF('Hospitalisation Details'!I66="?","Unknown",'Hospitalisation Details'!I66) -> R1012 | T68: Id65 | U68: 36.08 | V68: 8.8 | W68: yes | X68: No | Y68: No | Z68: 1 | AA68: yes
J69: Id2271 | K69: 2004 | L69: Jul | M69: 9 | N69: 0 | O69: 1224 | P69: tier - 2 | Q69: tier - 1 | R69: =IF('Hospitalisation Details'!I67="?","Unknown",'Hospitalisation Details'!I67) -> R1013 | T69: Id66 | U69: 54.99 | V69: 8.68 | W69: No | X69: No | Y69: No | Z69: 2 | AA69: yes
J70: Id2270 | K70: 2004 | L70: Oct | M70: 16 | N70: 0 | O70: 1228 | P70: tier - 2 | Q70: tier - 1 | R70: =IF('Hospitalisation Details'!I68="?","Unknown",'Hospitalisation Details'!I68) -> R1012 | T70: Id67 | U70: 35.97 | V70: 6.12 | W70: No | X70: No | Y70: Yes | Z70: 1 | AA70: yes
J71: Id2269 | K71: 1998 | L71: Jul | M71: 13 | N71: 0 | O71: 1234 | P71: tier - 2 | Q71: tier - 1 | R71: =IF('Hospitalisation Details'!I69="?","Unknown",'Hospitalisation Details'!I69) -> R1013 | T71: Id68 | U71: 45.54 | V71: 5.4 | W71: yes | X71: No | Y71: Yes | Z71: 1 | AA71: yes
J72: Id2268 | K72: 2002 | L72: Dec | M72: 12 | N72: 0 | O72: 1237 | P72: tier - 2 | Q72: tier - 2 | R72: =IF('Hospitalisation Details'!I70="?","Unknown",'Hospitalisation Details'!I70) -> R1013 | T72: Id69 | U72: 35.53 | V72: 4.36 | W72: yes | X72: No | Y72: No | Z72: No major surgery | AA72: yes
J73: Id2267 | K73: 1998 | L73: Oct | M73: 11 | N73: 0 | O73: 1240 | P73: tier - 2 | Q73: tier - 1 | R73: =IF('Hospitalisation Details'!I71="?","Unknown",'Hospitalisation Details'!I71) -> R1012 | T73: Id70 | U73: 30.8 | V73: 9.77 | W73: No | X73: No | Y73: No | Z73: No major surgery | AA73: yes
J74: Id2266 | K74: 2002 | L74: Jul | M74: 1 | N74: 0 | O74: 1241 | P74: tier - 2 | Q74: tier - 2 | R74: =IF('Hospitalisation Details'!I72="?","Unknown",'Hospitalisation Details'!I72) -> R1013 | T74: Id71 | U74: 38.39 | V74: 4.25 | W74: No | X74: No | Y74: No | Z74: 1 | AA74: yes
J75: Id2265 | K75: 2003 | L75: Aug | M75: 2 | N75: 0 | O75: 1241.57 | P75: tier - 2 | Q75: tier - 2 | R75: =IF('Hospitalisation Details'!I73="?","Unknown",'Hospitalisation Details'!I73) -> R1011 | T75: Id72 | U75: 32.3 | V75: 4.76 | W75: No | X75: No | Y75: No | Z75: 2 | AA75: yes
J76: Id2264 | K76: 2003 | L76: Sep | M76: 15 | N76: 0 | O76: 1242.26 | P76: tier - 2 | Q76: tier - 1 | R76: =IF('Hospitalisation Details'!I74="?","Unknown",'Hospitalisation Details'!I74) -> R1011 | T76: Id73 | U76: 48.8 | V76: 6.22 | W76: yes | X76: No | Y76: No | Z76: 2 | AA76: yes
J77: Id2263 | K77: 2003 | L77: Sep | M77: 8 | N77: 0 | O77: 1242.82 | P77: tier - 2 | Q77: tier - 1 | R77: =IF('Hospitalisation Details'!I75="?","Unknown",'Hospitalisation Details'!I75) -> R1011 | T77: Id74 | U77: 45.5 | V77: 7.96 | W77: No | X77: No | Y77: No | Z77: No major surgery | AA77: yes
J78: Id2262 | K78: 2003 | L78: Sep | M78: 15 | N78: 0 | O78: 1252.41 | P78: tier - 2 | Q78: tier - 3 | R78: =IF('Hospitalisation Details'!I76="?","Unknown",'Hospitalisation Details'!I76) -> R1011 | T78: Id75 | U78: 53.61 | V78: 10.92 | W78: yes | X78: No | Y78: No | Z78: 1 | AA78: yes
J79: Id2261 | K79: 1997 | L79: Nov | M79: 4 | N79: 0 | O79: 1253 | P79: tier - 2 | Q79: tier - 2 | R79: =IF('Hospitalisation Details'!I77="?","Unknown",'Hospitalisation Details'!I77) -> R1013 | T79: Id76 | U79: 36.19 | V79: 11.51 | W79: yes | X79: No | Y79: No | Z79: 1 | AA79: yes
J80: Id2260 | K80: 2003 | L80: Dec | M80: 10 | N80: 0 | O80: 1253.94 | P80: tier - 2 | Q80: tier - 2 | R80: =IF('Hospitalisation Details'!I78="?","Unknown",'Hospitalisation Details'!I78) -> R1011 | T80: Id77 | U80: 34.6 | V80: 5.99 | W80: yes | X80: No | Y80: No | Z80: No major surgery | AA80: yes
J81: Id2259 | K81: 2003 | L81: Oct | M81: 13 | N81: 0 | O81: 1256.3 | P81: tier - 2 | Q81: tier - 3 | R81: =IF('Hospitalisation Details'!I79="?","Unknown",'Hospitalisation Details'!I79) -> R1011 | T81: Id78 | U81: 54.12 | V81: 11.57 | W81: No | X81: No | Y81: No | Z81: No major surgery | AA81: yes
J82: Id2258 | K82: 2003 | L82: Oct | M82: 30 | N82: 0 | O82: 1261.44 | P82: tier - 2 | Q82: tier - 3 | R82: =IF('Hospitalisation Details'!I80="?","Unknown",'Hospitalisation Details'!I80) -> R1011 | T82: Id79 | U82: 48.82 | V82: 6.67 | W82: yes | X82: No | Y82: No | Z82: No major surgery | AA82: yes
J83: Id2257 | K83: 2003 | L83: Aug | M83: 15 | N83: 0 | O83: 1261.86 | P83: tier - 2 | Q83: tier - 3 | R83: =IF('Hospitalisation Details'!I81="?","Unknown",'Hospitalisation Details'!I81) -> R1011 | T83: Id80 | U83: 51.01 | V83: 9.2 | W83: No | X83: No | Y83: No | Z83: No major surgery | AA83: yes
J84: Id2256 | K84: 2003 | L84: Nov | M84: 21 | N84: 0 | O84: 1263.25 | P84: tier - 2 | Q84: tier - 3 | R84: =IF('Hospitalisation Details'!I82="?","Unknown",'Hospitalisation Details'!I82) -> R1011 | T84: Id81 | U84: 45.65 | V84: 5.11 | W84: yes | X84: No | Y84: No | Z84: 1 | AA84: yes
J85: Id2255 | K85: 2002 | L85: Dec | M85: 4 | N85: 0 | O85: 1267 | P85: tier - 2 | Q85: tier - 1 | R85: =IF('Hospitalisation Details'!I83="?","Unknown",'Hospitalisation Details'!I83) -> R1013 | T85: Id82 | U85: 52.9 | V85: 5.34 | W85: No | X85: No | Y85: No | Z85: No major surgery | AA85: yes
J86: Id2254 | K86: 1997 | L86: Oct | M86: 26 | N86: 0 | O86: 1276 | P86: tier - 2 | Q86: tier - 2 | R86: =IF('Hospitalisation Details'!I84="?","Unknown",'Hospitalisation Details'!I84) -> R1012 | T86: Id83 | U86: 45.41 | V86: 4.03 | W86: yes | X86: No | Y86: No | Z86: 1 | AA86: yes
J87: Id2253 | K87: 2004 | L87: Sep | M87: 30 | N87: 0 | O87: 1283 | P87: tier - 2 | Q87: tier - 1 | R87: =IF('Hospitalisation Details'!I85="?","Unknown",'Hospitalisation Details'!I85) -> R1013 | T87: Id84 | U87: 49.41 | V87: 4.23 | W87: yes | X87: No | Y87: Yes | Z87: 1 | AA87: yes
J88: Id2252 | K88: 2004 | L88: Jul | M88: 28 | N88: 0 | O88: 1285 | P88: tier - 2 | Q88: tier - 3 | R88: =IF('Hospitalisation Details'!I86="?","Unknown",'Hospitalisation Details'!I86) -> R1013 | T88: Id85 | U88: 31.825 | V88: 4.06 | W88: No | X88: No | Y88: No | Z88: 2 | AA88: yes
J89: Id2251 | K89: 2000 | L89: Jun | M89: 26 | N89: 0 | O89: 1286 | P89: tier - 2 | Q89: tier - 2 | R89: =IF('Hospitalisation Details'!I87="?","Unknown",'Hospitalisation Details'!I87) -> R1013 | T89: Id86 | U89: 51.28 | V89: 4.68 | W89: No | X89: No | Y89: No | Z89: 2 | AA89: yes
J90: Id2250 | K90: 1998 | L90: Jun | M90: 4 | N90: 0 | O90: 1290.93 | P90: tier - 2 | Q90: tier - 2 | R90: =IF('Hospitalisation Details'!I88="?","Unknown",'Hospitalisation Details'!I88) -> R1013 | T90: Id87 | U90: 34.96 | V90: 4.34 | W90: No | X90: No | Y90: Yes | Z90: 1 | AA90: yes
J91: Id2249 | K91: 2001 | L91: Nov | M91: 29 | N91: 0 | O91: 1293 | P91: tier - 2 | Q91: tier - 3 | R91: =IF('Hospitalisation Details'!I89="?","Unknown",'Hospitalisation Details'!I89) -> R1012 | T91: Id88 | U91: 33.11 | V91: 10.51 | W91: No | X91: No | Y91: No | Z91: No major surgery | AA91: yes
J92: Id2248 | K92: 2002 | L92: Dec | M92: 10 | N92: 0 | O92: 1304 | P92: tier - 2 | Q92: tier - 2 | R92: =IF('Hospitalisation Details'!I90="?","Unknown",'Hospitalisation Details'!I90) -> R1012 | T92: Id89 | U92: 54.74 | V92: 5.84 | W92: yes | X92: No | Y92: Yes | Z92: 1 | AA92: yes
J93: Id2247 | K93: 1999 | L93: Dec | M93: 2 | N93: 0 | O93: 1304 | P93: tier - 2 | Q93: tier - 2 | R93: =IF('Hospitalisation Details'!I91="?","Unknown",'Hospitalisation Details'!I91) -> R1013 | T93: Id90 | U93: 32.56 | V93: 5.41 | W93: No | X93: No | Y93: Yes | Z93: 1 | AA93: yes
J94: Id2246 | K94: 2002 | L94: Oct | M94: 13 | N94: 0 | O94: 1315 | P94: tier - 2 | Q94: tier - 2 | R94: =IF('Hospitalisation Details'!I92="?","Unknown",'Hospitalisation Details'!I92) -> R1013 | T94: Id91 | U94: 39.05 | V94: 6.06 | W94: No | X94: No | Y94: No | Z94: 1 | AA94: yes
J95: Id2245 | K95: 1999 | L95: Oct | M95: 14 | N95: 0 | O95: 1329.17 | P95: tier - 2 | Q95: tier - 3 | R95: =IF('Hospitalisation Details'!I93="?","Unknown",'Hospitalisation Details'!I93) -> R1013 | T95: Id92 | U95: 42.75 | V95: 4.22 | W95: No | X95: No | Y95: No | Z95: No major surgery | AA95: yes
J96: Id2244 | K96: 1998 | L96: Jul | M96: 12 | N96: 0 | O96: 1332.61 | P96: tier - 2 | Q96: tier - 3 | R96: =IF('Hospitalisation Details'!I94="?","Unknown",'Hospitalisation Details'!I94) -> R1013 | T96: Id93 | U96: 50.58 | V96: 5.12 | W96: No | X96: No | Y96: No | Z96: 2 | AA96: yes
J97: Id2243 | K97: 1995 | L97: Jul | M97: 30 | N97: 0 | O97: 1338 | P97: tier - 2 | Q97: tier - 3 | R97: =IF('Hospitalisation Details'!I95="?","Unknown",'Hospitalisation Details'!I95) -> R1012 | T97: Id94 | U97: 30.495 | V97: 4.57 | W97: yes | X97: No | Y97: No | Z97: No major surgery | AA97: yes
J98: Id2242 | K98: 1997 | L98: Nov | M98: 7 | N98: 0 | O98: 1341.16 | P98: tier - 2 | Q98: tier - 2 | R98: =IF('Hospitalisation Details'!I96="?","Unknown",'Hospitalisation Details'!I96) -> R1012 | T98: Id95 | U98: 48.31 | V98: 9.58 | W98: yes | X98: No | Y98: No | Z98: 2 | AA98: yes
J99: Id2241 | K99: 1998 | L99: Dec | M99: 3 | N99: 0 | O99: 1359 | P99: tier - 2 | Q99: tier - 1 | R99: =IF('Hospitalisation Details'!I97="?","Unknown",'Hospitalisation Details'!I97) -> R1013 | T99: Id96 | U99: 48.99 | V99: 9.78 | W99: yes | X99: No | Y99: No | Z99: 1 | AA99: yes
J100: Id2240 | K100: 2002 | L100: Aug | M100: 15 | N100: 0 | O100: 1382 | P100: tier - 2 | Q100: tier - 1 | R100: =IF('Hospitalisation Details'!I98="?","Unknown",'Hospitalisation Details'!I98) -> R1013 | T100: Id97 | U100: 38.39 | V100: 4.11 | W100: yes | X100: No | Y100: No | Z100: No major surgery | AA100: yes
...

Sheet Answer Data Transformation
A1: Sl No | B1: 1 | K1: 4 | M1: 5 | N1: 3 | Q1: 2 | R1: 3 | U1: 6 | V1: 7 | X1: 8
B3: Customer ID | C3: name | D3: Title | E3: First Name | F3: Last Name | I3: Customer ID | J3: BMI | K3: Weight Status | L3: HBA1C | M3: Diabetes Status | N3: Heart Issues | O3: Any Transplants | P3: Cancer history | Q3: NumberOfMajorSurgeries | R3: =PROPER('Answer Data Cleaning'!AA3) -> Smoker | T3: Customer ID | U3: Date of Birth | V3: Age | W3: children | X3: charges | Y3: Hospital tier | Z3: City tier | AA3: State ID
B4: Id1 | C4: Hawks, Ms. Kelly | D4: Ms | E4: Kelly | F4: Hawks | I4: Id1 | J4: 47.41 | K4: =IF(J4<18.5,"Underweight",IF(J4<25,"Normal Weight",IF(J4<30,"Overweight","Obesity"))) -> Obesity | L4: 7.47 | M4: =IF(L4<5.7,"Normal",IF(L4<6.5,"Prediabetes","Diabetes")) -> Diabetes | N4: =PROPER('Medical Examinations'!D2) -> No | O4: No | P4: No | Q4: 0 | R4: =PROPER('Answer Data Cleaning'!AA4) -> Yes | T4: Id2335 | U4: =TEXT(_xlfn.CONCAT('Answer Data Cleaning'!M4,"-",'Answer Data Cleaning'!L4,"-",'Answer Data Cleaning'!K4),"DD-MMM-YYYY") -> 09-Jul-1992 | V4: =DATEDIF(U4,"08-jun-2023","y") -> 30 | W4: 0 | X4: 563.84 | Y4: tier - 2 | Z4: tier - 3 | AA4: R1013
B5: Id2 | C5: Lehner, Mr. Matthew D | D5: Mr | E5: Matthew D | F5: Lehner | I5: Id2 | J5: 30.36 | K5: =IF(J5<18.5,"Underweight",IF(J5<25,"Normal Weight",IF(J5<30,"Overweight","Obesity"))) -> Obesity | L5: 5.77 | M5: =IF(L5<5.7,"Normal",IF(L5<6.5,"Prediabetes","Diabetes")) -> Prediabetes | N5: =PROPER('Medical Examinations'!D3) -> No | O5: No | P5: No | Q5: 0 | R5: =PROPER('Answer Data Cleaning'!AA5) -> Yes | T5: Id2334 | U5: =TEXT(_xlfn.CONCAT('Answer Data Cleaning'!M5,"-",'Answer Data Cleaning'!L5,"-",'Answer Data Cleaning'!K5),"DD-MMM-YYYY") -> 30-Nov-1992 | V5: =DATEDIF(U5,"08-jun-2023","y") -> 30 | W5: 0 | X5: 570.62 | Y5: tier - 2 | Z5: tier - 1 | AA5: R1013
B6: Id3 | C6: Lu, Mr. Phil | D6: Mr | E6: Phil | F6: Lu | I6: Id3 | J6: 34.485 | K6: =IF(J6<18.5,"Underweight",IF(J6<25,"Normal Weight",IF(J6<30,"Overweight","Obesity"))) -> Obesity | L6: 11.87 | M6: =IF(L6<5.7,"Normal",IF(L6<6.5,"Prediabetes","Diabetes")) -> Diabetes | N6: =PROPER('Medical Examinations'!D4) -> Yes | O6: No | P6: No | Q6: 2 | R6: =PROPER('Answer Data Cleaning'!AA6) -> Yes | T6: Id2333 | U6: =TEXT(_xlfn.CONCAT('Answer Data Cleaning'!M6,"-",'Answer Data Cleaning'!L6,"-",'Answer Data Cleaning'!K6),"DD-MMM-YYYY") -> 30-Jun-1993 | V6: =DATEDIF(U6,"08-jun-2023","y") -> 29 | W6: 0 | X6: 600 | Y6: tier - 2 | Z6: tier - 1 | AA6: R1013
B7: Id4 | C7: Osborne, Ms. Kelsey | D7: Ms | E7: Kelsey | F7: Osborne | I7: Id4 | J7: 38.095 | K7: =IF(J7<18.5,"Underweight",IF(J7<25,"Normal Weight",IF(J7<30,"Overweight","Obesity"))) -> Obesity | L7: 6.05 | M7: =IF(L7<5.7,"Normal",IF(L7<6.5,"Prediabetes","Diabetes")) -> Prediabetes | N7: =PROPER('Medical Examinations'!D5) -> No | O7: No | P7: No | Q7: 0 | R7: =PROPER('Answer Data Cleaning'!AA7) -> Yes | T7: Id2332 | U7: =TEXT(_xlfn.CONCAT('Answer Data Cleaning'!M7,"-",'Answer Data Cleaning'!L7,"-",'Answer Data Cleaning'!K7),"DD-MMM-YYYY") -> 13-Sep-1992 | V7: =DATEDIF(U7,"08-jun-2023","y") -> 30 | W7: 0 | X7: 604.54 | Y7: tier - 3 | Z7: tier - 3 | AA7: R1013
B8: Id5 | C8: Kadala, Ms. Kristyn | D8: Ms | E8: Kristyn | F8: Kadala | I8: Id5 | J8: 35.53 | K8: =IF(J8<18.5,"Underweight",IF(J8<25,"Normal Weight",IF(J8<30,"Overweight","Obesity"))) -> Obesity | L8: 5.45 | M8: =IF(L8<5.7,"Normal",IF(L8<6.5,"Prediabetes","Diabetes")) -> Normal | N8: =PROPER('Medical Examinations'!D6) -> No | O8: No | P8: No | Q8: 0 | R8: =PROPER('Answer Data Cleaning'!AA8) -> Yes | T8: Id2331 | U8: =TEXT(_xlfn.CONCAT('Answer Data Cleaning'!M8,"-",'Answer Data Cleaning'!L8,"-",'Answer Data Cleaning'!K8),"DD-MMM-YYYY") -> 27-Jul-1998 | V8: =DATEDIF(U8,"08-jun-2023","y") -> 24 | W8: 0 | X8: 637.26 | Y8: tier - 3 | Z8: tier - 3 | AA8: R1013
B9: Id6 | C9: Baker, Mr. Russell B. | D9: Mr | E9: Russell B | F9: Baker | I9: Id6 | J9: 32.8 | K9: =IF(J9<18.5,"Underweight",IF(J9<25,"Normal Weight",IF(J9<30,"Overweight","Obesity"))) -> Obesity | L9: 6.59 | M9: =IF(L9<5.7,"Normal",IF(L9<6.5,"Prediabetes","Diabetes")) -> Diabetes | N9: =PROPER('Medical Examinations'!D7) -> No | O9: No | P9: No | Q9: 0 | R9: =PROPER('Answer Data Cleaning'!AA9) -> Yes | T9: Id2330 | U9: =TEXT(_xlfn.CONCAT('Answer Data Cleaning'!M9,"-",'Answer Data Cleaning'!L9,"-",'Answer Data Cleaning'!K9),"DD-MMM-YYYY") -> 20-Nov-2001 | V9: =DATEDIF(U9,"08-jun-2023","y") -> 21 | W9: 0 | X9: 646.14 | Y9: tier - 3 | Z9: tier - 3 | AA9: R1012
B10: Id7 | C10: Macpherson, Mr. Scott | D10: Mr | E10: Scott | F10: Macpherson | I10: Id7 | J10: 36.4 | K10: =IF(J10<18.5,"Underweight",IF(J10<25,"Normal Weight",IF(J10<30,"Overweight","Obesity"))) -> Obesity | L10: 6.07 | M10: =IF(L10<5.7,"Normal",IF(L10<6.5,"Prediabetes","Diabetes")) -> Prediabetes | N10: =PROPER('Medical Examinations'!D8) -> No | O10: No | P10: No | Q10: 0 | R10: =PROPER('Answer Data Cleaning'!AA10) -> Yes | T10: Id2329 | U10: =TEXT(_xlfn.CONCAT('Answer Data Cleaning'!M10,"-",'Answer Data Cleaning'!L10,"-",'Answer Data Cleaning'!K10),"DD-MMM-YYYY") -> 01-Jun-1993 | V10: =DATEDIF(U10,"08-jun-2023","y") -> 30 | W10: 0 | X10: 650 | Y10: tier - 3 | Z10: tier - 3 | AA10: R1013
B11: Id8 | C11: Hallman, Mr. Stephen | D11: Mr | E11: Stephen | F11: Hallman | I11: Id8 | J11: 36.96 | K11: =IF(J11<18.5,"Underweight",IF(J11<25,"Normal Weight",IF(J11<30,"Overweight","Obesity"))) -> Obesity | L11: 7.93 | M11: =IF(L11<5.7,"Normal",IF(L11<6.5,"Prediabetes","Diabetes")) -> Diabetes | N11: =PROPER('Medical Examinations'!D9) -> No | O11: No | P11: No | Q11: 3 | R11: =PROPER('Answer Data Cleaning'!AA11) -> Yes | T11: Id2328 | U11: =TEXT(_xlfn.CONCAT('Answer Data Cleaning'!M11,"-",'Answer Data Cleaning'!L11,"-",'Answer Data Cleaning'!K11),"DD-MMM-YYYY") -> 04-Jul-1995 | V11: =DATEDIF(U11,"08-jun-2023","y") -> 27 | W11: 0 | X11: 650 | Y11: tier - 3 | Z11: tier - 3 | AA11: R1013
B12: Id9 | C12: Moran, Mr. Patrick R. | D12: Mr | E12: Patrick R | F12: Moran | I12: Id9 | J12: 41.14 | K12: =IF(J12<18.5,"Underweight",IF(J12<25,"Normal Weight",IF(J12<30,"Overweight","Obesity"))) -> Obesity | L12: 9.58 | M12: =IF(L12<5.7,"Normal",IF(L12<6.5,"Prediabetes","Diabetes")) -> Diabetes | N12: =PROPER('Medical Examinations'!D10) -> Yes | O12: No | P12: Yes | Q12: 1 | R12: =PROPER('Answer Data Cleaning'!AA12) -> Yes | T12: Id2327 | U12: =TEXT(_xlfn.CONCAT('Answer Data Cleaning'!M12,"-",'Answer Data Cleaning'!L12,"-",'Answer Data Cleaning'!K12),"DD-MMM-YYYY") -> 29-Nov-2002 | V12: =DATEDIF(U12,"08-jun-2023","y") -> 20 | W12: 0 | X12: 668 | Y12: tier - 3 | Z12: tier - 2 | AA12: R1012
B13: Id10 | C13: Benner, Ms. Brooke N. | D13: Ms | E13: Brooke N | F13: Benner | I13: Id10 | J13: 38.06 | K13: =IF(J13<18.5,"Underweight",IF(J13<25,"Normal Weight",IF(J13<30,"Overweight","Obesity"))) -> Obesity | L13: 10.79 | M13: =IF(L13<5.7,"Normal",IF(L13<6.5,"Prediabetes","Diabetes")) -> Diabetes | N13: =PROPER('Medical Examinations'!D11) -> No | O13: No | P13: No | Q13: 0 | R13: =PROPER('Answer Data Cleaning'!AA13) -> Yes | T13: Id2326 | U13: =TEXT(_xlfn.CONCAT('Answer Data Cleaning'!M13,"-",'Answer Data Cleaning'!L13,"-",'Answer Data Cleaning'!K13),"DD-MMM-YYYY") -> 09-Nov-1997 | V13: =DATEDIF(U13,"08-jun-2023","y") -> 25 | W13: 0 | X13: 670 | Y13: tier - 3 | Z13: tier - 3 | AA13: R1013
B14: Id11 | C14: Fierro Vargas, Ms. Paola Andrea | D14: Ms | E14: Paola Andrea | F14: Fierro Vargas | I14: Id11 | J14: 37.7 | K14: =IF(J14<18.5,"Underweight",IF(J14<25,"Normal Weight",IF(J14<30,"Overweight","Obesity"))) -> Obesity | L14: 5.96 | M14: =IF(L14<5.7,"Normal",IF(L14<6.5,"Prediabetes","Diabetes")) -> Prediabetes | N14: =PROPER('Medical Examinations'!D12) -> Yes | O14: No | P14: No | Q14: 2 | R14: =PROPER('Answer Data Cleaning'!AA14) -> Yes | T14: Id2325 | U14: =TEXT(_xlfn.CONCAT('Answer Data Cleaning'!M14,"-",'Answer Data Cleaning'!L14,"-",'Answer Data Cleaning'!K14),"DD-MMM-YYYY") -> 12-Sep-2001 | V14: =DATEDIF(U14,"08-jun-2023","y") -> 21 | W14: 0 | X14: 687.54 | Y14: tier - 3 | Z14: tier - 2 | AA14: R1013
B15: Id12 | C15: Franz, Mr. David | D15: Mr | E15: David | F15: Franz | I15: Id12 | J15: 42.13 | K15: =IF(J15<18.5,"Underweight",IF(J15<25,"Normal Weight",IF(J15<30,"Overweight","Obesity"))) -> Obesity | L15: 11.9 | M15: =IF(L15<5.7,"Normal",IF(L15<6.5,"Prediabetes","Diabetes")) -> Diabetes | N15: =PROPER('Medical Examinations'!D13) -> No | O15: No | P15: No | Q15: 0 | R15: =PROPER('Answer Data Cleaning'!AA15) -> Yes | T15: Id2324 | U15: =TEXT(_xlfn.CONCAT('Answer Data Cleaning'!M15,"-",'Answer Data Cleaning'!L15,"-",'Answer Data Cleaning'!K15),"DD-MMM-YYYY") -> 26-Dec-1999 | V15: =DATEDIF(U15,"08-jun-2023","y") -> 23 | W15: 0 | X15: 700 | Y15: tier - 2 | Z15: tier - 3 | AA15: R1013
... B74: Id71 | C74: Turner, Mr. Jeff | D74: Mr | E74: Jeff | F74: Turner | I74: Id71 | J74: 38.39 | K74: =IF(J74<18.5,"Underweight",IF(J74<25,"Normal Weight",IF(J74<30,"Overweight","Obesity"))) -> Obesity | L74: 4.25 | M74: =IF(L74<5.7,"Normal",IF(L74<6.5,"Prediabetes","Diabetes")) -> Normal | N74: =PROPER('Medical Examinations'!D72) -> No | O74: No | P74: No | Q74: 1 | R74: =PROPER('Answer Data Cleaning'!AA74) -> Yes | T74: Id2266 | U74: =TEXT(_xlfn.CONCAT('Answer Data Cleaning'!M74,"-",'Answer Data Cleaning'!L74,"-",'Answer Data Cleaning'!K74),"DD-MMM-YYYY") -> 01-Jul-2002 | V74: =DATEDIF(U74,"08-jun-2023","y") -> 20 | W74: 0 | X74: 1241 | Y74: tier - 2 | Z74: tier - 2 | AA74: R1013
B75: Id72 | C75: Rangel, Mr. Elenilton V. Sr. | D75: Mr | E75: Elenilton V | F75: Rangel | G75: Sr | I75: Id72 | J75: 32.3 | K75: =IF(J75<18.5,"Underweight",IF(J75<25,"Normal Weight",IF(J75<30,"Overweight","Obesity"))) -> Obesity | L75: 4.76 | M75: =IF(L75<5.7,"Normal",IF(L75<6.5,"Prediabetes","Diabetes")) -> Normal | N75: =PROPER('Medical Examinations'!D73) -> No | O75: No | P75: No | Q75: 2 | R75: =PROPER('Answer Data Cleaning'!AA75) -> Yes | T75: Id2265 | U75: =TEXT(_xlfn.CONCAT('Answer Data Cleaning'!M75,"-",'Answer Data Cleaning'!L75,"-",'Answer Data Cleaning'!K75),"DD-MMM-YYYY") -> 02-Aug-2003 | V75: =DATEDIF(U75,"08-jun-2023","y") -> 19 | W75: 0 | X75: 1241.57 | Y75: tier - 2 | Z75: tier - 2 | AA75: R1011
B76: Id73 | C76: Lacey, Ms. Maurya | D76: Ms | E76: Maurya | F76: Lacey | I76: Id73 | J76: 48.8 | K76: =IF(J76<18.5,"Underweight",IF(J76<25,"Normal Weight",IF(J76<30,"Overweight","Obesity"))) -> Obesity | L76: 6.22 | M76: =IF(L76<5.7,"Normal",IF(L76<6.5,"Prediabetes","Diabetes")) -> Prediabetes | N76: =PROPER('Medical Examinations'!D74) -> Yes | O76: No | P76: No | Q76: 2 | R76: =PROPER('Answer Data Cleaning'!AA76) -> Yes | T76: Id2264 | U76: =TEXT(_xlfn.CONCAT('Answer Data Cleaning'!M76,"-",'Answer Data Cleaning'!L76,"-",'Answer Data Cleaning'!K76),"DD-MMM-YYYY") -> 15-Sep-2003 | V76: =DATEDIF(U76,"08-jun-2023","y") -> 19 | W76: 0 | X76: 1242.26 | Y76: tier - 2 | Z76: tier - 1 | AA76: R1011
B77: Id74 | C77: Stiger, Ms. Samantha C | D77: Ms | E77: Samantha C | F77: Stiger | I77: Id74 | J77: 45.5 | K77: =IF(J77<18.5,"Underweight",IF(J77<25,"Normal Weight",IF(J77<30,"Overweight","Obesity"))) -> Obesity | L77: 7.96 | M77: =IF(L77<5.7,"Normal",IF(L77<6.5,"Prediabetes","Diabetes")) -> Diabetes | N77: =PROPER('Medical Examinations'!D75) -> No | O77: No | P77: No | Q77: 0 | R77: =PROPER('Answer Data Cleaning'!AA77) -> Yes | T77: Id2263 | U77: =TEXT(_xlfn.CONCAT('Answer Data Cleaning'!M77,"-",'Answer Data Cleaning'!L77,"-",'Answer Data Cleaning'!K77),"DD-MMM-YYYY") -> 08-Sep-2003 | V77: =DATEDIF(U77,"08-jun-2023","y") -> 19 | W77: 0 | X77: 1242.82 | Y77: tier - 2 | Z77: tier - 1 | AA77: R1011
B78: Id75 | C78: Caldwell, Ms. Bethany A | D78: Ms | E78: Bethany A | F78: Caldwell | I78: Id75 | J78: 53.61 | K78: =IF(J78<18.5,"Underweight",IF(J78<25,"Normal Weight",IF(J78<30,"Overweight","Obesity"))) -> Obesity | L78: 10.92 | M78: =IF(L78<5.7,"Normal",IF(L78<6.5,"Prediabetes","Diabetes")) -> Diabetes | N78: =PROPER('Medical Examinations'!D76) -> Yes | O78: No | P78: No | Q78: 1 | R78: =PROPER('Answer Data Cleaning'!AA78) -> Yes | T78: Id2262 | U78: =TEXT(_xlfn.CONCAT('Answer Data Cleaning'!M78,"-",'Answer Data Cleaning'!L78,"-",'Answer Data Cleaning'!K78),"DD-MMM-YYYY") -> 15-Sep-2003 | V78: =DATEDIF(U78,"08-jun-2023","y") -> 19 | W78: 0 | X78: 1252.41 | Y78: tier - 2 | Z78: tier - 3 | AA78: R1011
B79: Id76 | C79: Marmillod, Mr. Yves | D79: Mr | E79: Yves | F79: Marmillod | I79: Id76 | J79: 36.19 | K79: =IF(J79<18.5,"Underweight",IF(J79<25,"Normal Weight",IF(J79<30,"Overweight","Obesity"))) -> Obesity | L79: 11.51 | M79: =IF(L79<5.7,"Normal",IF(L79<6.5,"Prediabetes","Diabetes")) -> Diabetes | N79: =PROPER('Medical Examinations'!D77) -> Yes | O79: No | P79: No | Q79: 1 | R79: =PROPER('Answer Data Cleaning'!AA79) -> Yes | T79: Id2261 | U79: =TEXT(_xlfn.CONCAT('Answer Data Cleaning'!M79,"-",'Answer Data Cleaning'!L79,"-",'Answer Data Cleaning'!K79),"DD-MMM-YYYY") -> 04-Nov-1997 | V79: =DATEDIF(U79,"08-jun-2023","y") -> 25 | W79: 0 | X79: 1253 | Y79: tier - 2 | Z79: tier - 2 | AA79: R1013
B80: Id77 | C80: Cloutier-Simons, Ms. Danielle | D80: Ms | E80: Danielle | F80: Cloutier-Simons | I80: Id77 | J80: 34.6 | K80: =IF(J80<18.5,"Underweight",IF(J80<25,"Normal Weight",IF(J80<30,"Overweight","Obesity"))) -> Obesity | L80: 5.99 | M80: =IF(L80<5.7,"Normal",IF(L80<6.5,"Prediabetes","Diabetes")) -> Prediabetes | N80: =PROPER('Medical Examinations'!D78) -> Yes | O80: No | P80: No | Q80: 0 | R80: =PROPER('Answer Data Cleaning'!AA80) -> Yes | T80: Id2260 | U80: =TEXT(_xlfn.CONCAT('Answer Data Cleaning'!M80,"-",'Answer Data Cleaning'!L80,"-",'Answer Data Cleaning'!K80),"DD-MMM-YYYY") -> 10-Dec-2003 | V80: =DATEDIF(U80,"08-jun-2023","y") -> 19 | W80: 0 | X80: 1253.94 | Y80: tier - 2 | Z80: tier - 2 | AA80: R1011
B81: Id78 | C81: Vegas, Ms. Julia | D81: Ms | E81: Julia | F81: Vegas | I81: Id78 | J81: 54.12 | K81: =IF(J81<18.5,"Underweight",IF(J81<25,"Normal Weight",IF(J81<30,"Overweight","Obesity"))) -> Obesity | L81: 11.57 | M81: =IF(L81<5.7,"Normal",IF(L81<6.5,"Prediabetes","Diabetes")) -> Diabetes | N81: =PROPER('Medical Examinations'!D79) -> No | O81: No | P81: No | Q81: 0 | R81: =PROPER('Answer Data Cleaning'!AA81) -> Yes | T81: Id2259 | U81: =TEXT(_xlfn.CONCAT('Answer Data Cleaning'!M81,"-",'Answer Data Cleaning'!L81,"-",'Answer Data Cleaning'!K81),"DD-MMM-YYYY") -> 13-Oct-2003 | V81: =DATEDIF(U81,"08-jun-2023","y") -> 19 | W81: 0 | X81: 1256.3 | Y81: tier - 2 | Z81: tier - 3 | AA81: R1011
B82: Id79 | C82: Cochran, Mr. Joshua | D82: Mr | E82: Joshua | F82: Cochran | I82: Id79 | J82: 48.82 | K82: =IF(J82<18.5,"Underweight",IF(J82<25,"Normal Weight",IF(J82<30,"Overweight","Obesity"))) -> Obesity | L82: 6.67 | M82: =IF(L82<5.7,"Normal",IF(L82<6.5,"Prediabetes","Diabetes")) -> Diabetes | N82: =PROPER('Medical Examinations'!D80) -> Yes | O82: No | P82: No | Q82: 0 | R82: =PROPER('Answer Data Cleaning'!AA82) -> Yes | T82: Id2258 | U82: =TEXT(_xlfn.CONCAT('Answer Data Cleaning'!M82,"-",'Answer Data Cleaning'!L82,"-",'Answer Data Cleaning'!K82),"DD-MMM-YYYY") -> 30-Oct-2003 | V82: =DATEDIF(U82,"08-jun-2023","y") -> 19 | W82: 0 | X82: 1261.44 | Y82: tier - 2 | Z82: tier - 3 | AA82: R1011
B83: Id80 | C83: Holtzapple, Ms. Jennifer | D83: Ms | E83: Jennifer | F83: Holtzapple | I83: Id80 | J83: 51.01 | K83: =IF(J83<18.5,"Underweight",IF(J83<25,"Normal Weight",IF(J83<30,"Overweight","Obesity"))) -> Obesity | L83: 9.2 | M83: =IF(L83<5.7,"Normal",IF(L83<6.5,"Prediabetes","Diabetes")) -> Diabetes | N83: =PROPER('Medical Examinations'!D81) -> No | O83: No | P83: No | Q83: 0 | R83: =PROPER('Answer Data Cleaning'!AA83) -> Yes | T83: Id2257 | U83: =TEXT(_xlfn.CONCAT('Answer Data Cleaning'!M83,"-",'Answer Data Cleaning'!L83,"-",'Answer Data Cleaning'!K83),"DD-MMM-YYYY") -> 15-Aug-2003 | V83: =DATEDIF(U83,"08-jun-2023","y") -> 19 | W83: 0 | X83: 1261.86 | Y83: tier - 2 | Z83: tier - 3 | AA83: R1011
B84: Id81 | C84: Meyer, Ms. Gwen M. | D84: Ms | E84: Gwen M | F84: Meyer | I84: Id81 | J84: 45.65 | K84: =IF(J84<18.5,"Underweight",IF(J84<25,"Normal Weight",IF(J84<30,"Overweight","Obesity"))) -> Obesity | L84: 5.11 | M84: =IF(L84<5.7,"Normal",IF(L84<6.5,"Prediabetes","Diabetes")) -> Normal | N84: =PROPER('Medical Examinations'!D82) -> Yes | O84: No | P84: No | Q84: 1 | R84: =PROPER('Answer Data Cleaning'!AA84) -> Yes | T84: Id2256 | U84: =TEXT(_xlfn.CONCAT('Answer Data Cleaning'!M84,"-",'Answer Data Cleaning'!L84,"-",'Answer Data Cleaning'!K84),"DD-MMM-YYYY") -> 21-Nov-2003 | V84: =DATEDIF(U84,"08-jun-2023","y") -> 19 | W84: 0 | X84: 1263.25 | Y84: tier - 2 | Z84: tier - 3 | AA84: R1011
B85: Id82 | C85: Brickley, Mr. Patrick | D85: Mr | E85: Patrick | F85: Brickley | I85: Id82 | J85: 52.9 | K85: =IF(J85<18.5,"Underweight",IF(J85<25,"Normal Weight",IF(J85<30,"Overweight","Obesity"))) -> Obesity | L85: 5.34 | M85: =IF(L85<5.7,"Normal",IF(L85<6.5,"Prediabetes","Diabetes")) -> Normal | N85: =PROPER('Medical Examinations'!D83) -> No | O85: No | P85: No | Q85: 0 | R85: =PROPER('Answer Data Cleaning'!AA85) -> Yes | T85: Id2255 | U85: =TEXT(_xlfn.CONCAT('Answer Data Cleaning'!M85,"-",'Answer Data Cleaning'!L85,"-",'Answer Data Cleaning'!K85),"DD-MMM-YYYY") -> 04-Dec-2002 | V85: =DATEDIF(U85,"08-jun-2023","y") -> 20 | W85: 0 | X85: 1267 | Y85: tier - 2 | Z85: tier - 1 | AA85: R1013
B86: Id83 | C86: Magee, Ms. Kate | D86: Ms | E86: Kate | F86: Magee | I86: Id83 | J86: 45.41 | K86: =IF(J86<18.5,"Underweight",IF(J86<25,"Normal Weight",IF(J86<30,"Overweight","Obesity"))) -> Obesity | L86: 4.03 | M86: =IF(L86<5.7,"Normal",IF(L86<6.5,"Prediabetes","Diabetes")) -> Normal | N86: =PROPER('Medical Examinations'!D84) -> Yes | O86: No | P86: No | Q86: 1 | R86: =PROPER('Answer Data Cleaning'!AA86) -> Yes | T86: Id2254 | U86: =TEXT(_xlfn.CONCAT('Answer Data Cleaning'!M86,"-",'Answer Data Cleaning'!L86,"-",'Answer Data Cleaning'!K86),"DD-MMM-YYYY") -> 26-Oct-1997 | V86: =DATEDIF(U86,"08-jun-2023","y") -> 25 | W86: 0 | X86: 1276 | Y86: tier - 2 | Z86: tier - 2 | AA86: R1012
B87: Id84 | C87: Thoma, Mr. Kevin | D87: Mr | E87: Kevin | F87: Thoma | I87: Id84 | J87: 49.41 | K87: =IF(J87<18.5,"Underweight",IF(J87<25,"Normal Weight",IF(J87<30,"Overweight","Obesity"))) -> Obesity | L87: 4.23 | M87: =IF(L87<5.7,"Normal",IF(L87<6.5,"Prediabetes","Diabetes")) -> Normal | N87: =PROPER('Medical Examinations'!D85) -> Yes | O87: No | P87: Yes | Q87: 1 | R87: =PROPER('Answer Data Cleaning'!AA87) -> Yes | T87: Id2253 | U87: =TEXT(_xlfn.CONCAT('Answer Data Cleaning'!M87,"-",'Answer Data Cleaning'!L87,"-",'Answer Data Cleaning'!K87),"DD-MMM-YYYY") -> 30-Sep-2004 | V87: =DATEDIF(U87,"08-jun-2023","y") -> 18 | W87: 0 | X87: 1283 | Y87: tier - 2 | Z87: tier - 1 | AA87: R1013
... B190: Id187 | C190: Dublin, Mr. Andrew P | D190: Mr | E190: Andrew P | F190: Dublin | I190: Id187 | J190: 53.21 | K190: =IF(J190<18.5,"Underweight",IF(J190<25,"Normal Weight",IF(J190<30,"Overweight","Obesity"))) -> Obesity | L190: 4.27 | M190: =IF(L190<5.7,"Normal",IF(L190<6.5,"Prediabetes","Diabetes")) -> Normal | N190: =PROPER('Medical Examinations'!D188) -> No | O190: No | P190: No | Q190: 1 | R190: =PROPER('Answer Data Cleaning'!AA190) -> Yes | T190: Id2150 | U190: =TEXT(_xlfn.CONCAT('Answer Data Cleaning'!M190,"-",'Answer Data Cleaning'!L190,"-",'Answer Data Cleaning'!K190),"DD-MMM-YYYY") -> 05-Oct-1998 | V190: =DATEDIF(U190,"08-jun-2023","y") -> 24 | W190: 0 | X190: 1972.95 | Y190: tier - 3 | Z190: tier - 1 | AA190: R1011
B191: Id188 | C191: Cleland, Mr. George M. V | D191: Mr | E191: George M | F191: Cleland | G191: V | I191: Id188 | J191: 38.73 | K191: =IF(J191<18.5,"Underweight",IF(J191<25,"Normal Weight",IF(J191<30,"Overweight","Obesity"))) -> Obesity | L191: 11.51 | M191: =IF(L191<5.7,"Normal",IF(L191<6.5,"Prediabetes","Diabetes")) -> Diabetes | N191: =PROPER('Medical Examinations'!D189) -> No | O191: No | P191: No | Q191: 2 | R191: =PROPER('Answer Data Cleaning'!AA191) -> Yes | T191: Id2149 | U191: =TEXT(_xlfn.CONCAT('Answer Data Cleaning'!M191,"-",'Answer Data Cleaning'!L191,"-",'Answer Data Cleaning'!K191),"DD-MMM-YYYY") -> 29-Sep-1998 | V191: =DATEDIF(U191,"08-jun-2023","y") -> 24 | W191: 0 | X191: 1977.82 | Y191: tier - 3 | Z191: tier - 1 | AA191: R1011
B192: Id189 | C192: Evans, Ms. Sarah | D192: Ms | E192: Sarah | F192: Evans | I192: Id189 | J192: 29.73 | K192: =IF(J192<18.5,"Underweight",IF(J192<25,"Normal Weight",IF(J192<30,"Overweight","Obesity"))) -> Overweight | L192: 7.22 | M192: =IF(L192<5.7,"Normal",IF(L192<6.5,"Prediabetes","Diabetes")) -> Diabetes | N192: =PROPER('Medical Examinations'!D190) -> No | O192: No | P192: No | Q192: 0 | R192: =PROPER('Answer Data Cleaning'!AA192) -> Yes | T192: Id2148 | U192: =TEXT(_xlfn.CONCAT('Answer Data Cleaning'!M192,"-",'Answer Data Cleaning'!L192,"-",'Answer Data Cleaning'!K192),"DD-MMM-YYYY") -> 16-Jul-2002 | V192: =DATEDIF(U192,"08-jun-2023","y") -> 20 | W192: 1 | X192: 1980.07 | Y192: tier - 3 | Z192: tier - 3 | AA192: R1011
B193: Id190 | C193: Boyd, Ms. Lara | D193: Ms | E193: Lara | F193: Boyd | I193: Id190 | J193: 34.7 | K193: =IF(J193<18.5,"Underweight",IF(J193<25,"Normal Weight",IF(J193<30,"Overweight","Obesity"))) -> Obesity | L193: 4.37 | M193: =IF(L193<5.7,"Normal",IF(L193<6.5,"Prediabetes","Diabetes")) -> Normal | N193: =PROPER('Medical Examinations'!D191) -> No | O193: No | P193: Yes | Q193: 1 | R193: =PROPER('Answer Data Cleaning'!AA193) -> Yes | T193: Id2147 | U193: =TEXT(_xlfn.CONCAT('Answer Data Cleaning'!M193,"-",'Answer Data Cleaning'!L193,"-",'Answer Data Cleaning'!K193),"DD-MMM-YYYY") -> 29-Dec-1998 | V193: =DATEDIF(U193,"08-jun-2023","y") -> 24 | W193: 0 | X193: 1981.58 | Y193: tier - 3 | Z193: tier - 1 | AA193: R1013
B194: Id191 | C194: Roulier, Mr. Sebastien | D194: Mr | E194: Sebastien | F194: Roulier | I194: Id191 | J194: 38.28 | K194: =IF(J194<18.5,"Underweight",IF(J194<25,"Normal Weight",IF(J194<30,"Overweight","Obesity"))) -> Obesity | L194: 11.56 | M194: =IF(L194<5.7,"Normal",IF(L194<6.5,"Prediabetes","Diabetes")) -> Diabetes | N194: =PROPER('Medical Examinations'!D192) -> Yes | O194: No | P194: No | Q194: 1 | R194: =PROPER('Answer Data Cleaning'!AA194) -> Yes | T194: Id2146 | U194: =TEXT(_xlfn.CONCAT('Answer Data Cleaning'!M194,"-",'Answer Data Cleaning'!L194,"-",'Answer Data Cleaning'!K194),"DD-MMM-YYYY") -> 29-Sep-2002 | V194: =DATEDIF(U194,"08-jun-2023","y") -> 20 | W194: 0 | X194: 1984.45 | Y194: tier - 3 | Z194: tier - 3 | AA194: R1016
B195: Id192 | C195: Mullins, Mr. Padraig | D195: Mr | E195: Padraig | F195: Mullins | I195: Id192 | J195: 33.57 | K195: =IF(J195<18.5,"Underweight",IF(J195<25,"Normal Weight",IF(J195<30,"Overweight","Obesity"))) -> Obesity | L195: 8.82 | M195: =IF(L195<5.7,"Normal",IF(L195<6.5,"Prediabetes","Diabetes")) -> Diabetes | N195: =PROPER('Medical Examinations'!D193) -> Yes | O195: No | P195: No | Q195: 0 | R195: =PROPER('Answer Data Cleaning'!AA195) -> Yes | T195: Id2145 | U195: =TEXT(_xlfn.CONCAT('Answer Data Cleaning'!M195,"-",'Answer Data Cleaning'!L195,"-",'Answer Data Cleaning'!K195),"DD-MMM-YYYY") -> 14-Sep-1998 | V195: =DATEDIF(U195,"08-jun-2023","y") -> 24 | W195: 0 | X195: 1986.93 | Y195: tier - 3 | Z195: tier - 2 | AA195: R1013
B196: Id193 | C196: Hofmann, Ms. Heather | D196: Ms | E196: Heather | F196: Hofmann | I196: Id193 | J196: 52.06 | K196: =IF(J196<18.5,"Underweight",IF(J196<25,"Normal Weight",IF(J196<30,"Overweight","Obesity"))) -> Obesity | L196: 4.69 | M196: =IF(L196<5.7,"Normal",IF(L196<6.5,"Prediabetes","Diabetes")) -> Normal | N196: =PROPER('Medical Examinations'!D194) -> No | O196: No | P196: No | Q196: 1 | R196: =PROPER('Answer Data Cleaning'!AA196) -> Yes | T196: Id2144 | U196: =TEXT(_xlfn.CONCAT('Answer Data Cleaning'!M196,"-",'Answer Data Cleaning'!L196,"-",'Answer Data Cleaning'!K196),"DD-MMM-YYYY") -> 14-Aug-2001 | V196: =DATEDIF(U196,"08-jun-2023","y") -> 21 | W196: 0 | X196: 2007.95 | Y196: tier - 3 | Z196: tier - 2 | AA196: R1011
B197: Id194 | C197: Garcia Garcia, Mr. Jorge | D197: Mr | E197: Jorge | F197: Garcia Garcia | I197: Id194 | J197: 38.17 | K197: =IF(J197<18.5,"Underweight",IF(J197<25,"Normal Weight",IF(J197<30,"Overweight","Obesity"))) -> Obesity | L197: 4.53 | M197: =IF(L197<5.7,"Normal",IF(L197<6.5,"Prediabetes","Diabetes")) -> Normal | N197: =PROPER('Medical Examinations'!D195) -> No | O197: yes | P197: No | Q197: 1 | R197: =PROPER('Answer Data Cleaning'!AA197) -> Yes | T197: Id2143 | U197: =TEXT(_xlfn.CONCAT('Answer Data Cleaning'!M197,"-",'Answer Data Cleaning'!L197,"-",'Answer Data Cleaning'!K197),"DD-MMM-YYYY") -> 01-Jul-2001 | V197: =DATEDIF(U197,"08-jun-2023","y") -> 21 | W197: 0 | X197: 2020.18 | Y197: tier - 3 | Z197: tier - 1 | AA197: R1011
B198: Id195 | C198: Klecker, Mr. Jack R | D198: Mr | E198: Jack R | F198: Klecker | I198: Id195 | J198: 36.955 | K198: =IF(J198<18.5,"Underweight",IF(J198<25,"Normal Weight",IF(J198<30,"Overweight","Obesity"))) -> Obesity | L198: 5.84 | M198: =IF(L198<5.7,"Normal",IF(L198<6.5,"Prediabetes","Diabetes")) -> Prediabetes | N198: =PROPER('Medical Examinations'!D196) -> No | O198: No | P198: Yes | Q198: 1 | R198: =PROPER('Answer Data Cleaning'!AA198) -> Yes | T198: Id2142 | U198: =TEXT(_xlfn.CONCAT('Answer Data Cleaning'!M198,"-",'Answer Data Cleaning'!L198,"-",'Answer Data Cleaning'!K198),"DD-MMM-YYYY") -> 06-Sep-2001 | V198: =DATEDIF(U198,"08-jun-2023","y") -> 21 | W198: 0 | X198: 2020.55 | Y198: tier - 3 | Z198: tier - 2 | AA198: R1013
B199: Id196 | C199: Cancre, Mr. Felix | D199: Mr | E199: Felix | F199: Cancre | I199: Id196 | J199: 34.4 | K199: =IF(J199<18.5,"Underweight",IF(J199<25,"Normal Weight",IF(J199<30,"Overweight","Obesity"))) -> Obesity | L199: 4.9 | M199: =IF(L199<5.7,"Normal",IF(L199<6.5,"Prediabetes","Diabetes")) -> Normal | N199: =PROPER('Medical Examinations'!D197) -> No | O199: No | P199: Yes | Q199: 1 | R199: =PROPER('Answer Data Cleaning'!AA199) -> Yes | T199: Id2141 | U199: =TEXT(_xlfn.CONCAT('Answer Data Cleaning'!M199,"-",'Answer Data Cleaning'!L199,"-",'Answer Data Cleaning'!K199),"DD-MMM-YYYY") -> 04-Aug-2001 | V199: =DATEDIF(U199,"08-jun-2023","y") -> 21 | W199: 0 | X199: 2026.97 | Y199: tier - 3 | Z199: tier - 2 | AA199: R1013
B200: Id197 | C200: Denucci, Mr. Christopher C | D200: Mr | E200: Christopher C | F200: Denucci | I200: Id197 | J200: 31.73 | K200: =IF(J200<18.5,"Underweight",IF(J200<25,"Normal Weight",IF(J200<30,"Overweight","Obesity"))) -> Obesity | L200: 4.3 | M200: =IF(L200<5.7,"Normal",IF(L200<6.5,"Prediabetes","Diabetes")) -> Normal | N200: =PROPER('Medical Examinations'!D198) -> No | O200: No | P200: No | Q200: 0 | R200: =PROPER('Answer Data Cleaning'!AA200) -> Yes | T200: Id2140 | U200: =TEXT(_xlfn.CONCAT('Answer Data Cleaning'!M200,"-",'Answer Data Cleaning'!L200,"-",'Answer Data Cleaning'!K200),"DD-MMM-YYYY") -> 02-Sep-2000 | V200: =DATEDIF(U200,"08-jun-2023","y") -> 22 | W200: 0 | X200: 2045.69 | Y200: tier - 3 | Z200: tier - 3 | AA200: R1012
B201: Id198 | C201: Saldana, Mr. Jesse | D201: Mr | E201: Jesse | F201: Saldana | I201: Id198 | J201: 36.64 | K201: =IF(J201<18.5,"Underweight",IF(J201<25,"Normal Weight",IF(J201<30,"Overweight","Obesity"))) -> Obesity | L201: 11.34 | M201: =IF(L201<5.7,"Normal",IF(L201<6.5,"Prediabetes","Diabetes")) -> Diabetes | N201: =PROPER('Medical Examinations'!D199) -> No | O201: No | P201: No | Q201: 0 | R201: =PROPER('Answer Data Cleaning'!AA201) -> Yes | T201: Id2139 | U201: =TEXT(_xlfn.CONCAT('Answer Data Cleaning'!M201,"-",'Answer Data Cleaning'!L201,"-",'Answer Data Cleaning'!K201),"DD-MMM-YYYY") -> 26-Jul-2000 | V201: =DATEDIF(U201,"08-jun-2023","y") -> 22 | W201: 0 | X201: 2055.32 | Y201: tier - 3 | Z201: tier - 3 | AA201: R1012
B202: Id199 | C202: Weinberg, Ms. Jill | D202: Ms | E202: Jill | F202: Weinberg | I202: Id199 | J202: 36.85 | K202: =IF(J202<18.5,"Underweight",IF(J202<25,"Normal Weight",IF(J202<30,"Overweight","Obesity"))) -> Obesity | L202: 5.88 | M202: =IF(L202<5.7,"Normal",IF(L202<6.5,"Prediabetes","Diabetes")) -> Prediabetes | N202: =PROPER('Medical Examinations'!D200) -> No | O202: yes | P202: No | Q202: 1 | R202: =PROPER('Answer Data Cleaning'!AA202) -> Yes | T202: Id2138 | U202: =TEXT(_xlfn.CONCAT('Answer Data Cleaning'!M202,"-",'Answer Data Cleaning'!L202,"-",'Answer Data Cleaning'!K202),"DD-MMM-YYYY") -> 12-Jun-2004 | V202: =DATEDIF(U202,"08-jun-2023","y") -> 18 | W202: 0 | X202: 2094.1 | Y202: tier - 3 | Z202: tier - 2 | AA202: R1025
B203: Id200 | C203: Walsh, Mr. William | D203: Mr | E203: William | F203: Walsh | I203: Id200 | J203: 33.33 | K203: =IF(J203<18.5,"Underweight",IF(J203<25,"Normal Weight",IF(J203<30,"Overweight","Obesity"))) -> Obesity | L203: 5.01 | M203: =IF(L203<5.7,"Normal",IF(L203<6.5,"Prediabetes","Diabetes")) -> Normal | N203: =PROPER('Medical Examinations'!D201) -> Yes | O203: No | P203: Yes | Q203: 1 | R203: =PROPER('Answer Data Cleaning'!AA203) -> Yes | T203: Id2137 | U203: =TEXT(_xlfn.CONCAT('Answer Data Cleaning'!M203,"-",'Answer Data Cleaning'!L203,"-",'Answer Data Cleaning'!K203),"DD-MMM-YYYY") -> 14-Aug-2001 | V203: =DATEDIF(U203,"08-jun-2023","y") -> 21 | W203: 0 | X203: 2102.26 | Y203: tier - 3 | Z203: tier - 2 | AA203: R1019
... B478: Id475 | C478: Narang, Mr. Jatin | D478: Mr | E478: Jatin | F478: Narang | I478: Id475 | J478: 28.3 | K478: =IF(J478<18.5,"Underweight",IF(J478<25,"Normal Weight",IF(J478<30,"Overweight","Obesity"))) -> Overweight | L478: 5.47 | M478: =IF(L478<5.7,"Normal",IF(L478<6.5,"Prediabetes","Diabetes")) -> Normal | N478: =PROPER('Medical Examinations'!D476) -> Yes | O478: No | P478: Yes | Q478: 1 | R478: =PROPER('Answer Data Cleaning'!AA478) -> Yes | T478: Id1863 | U478: =TEXT(_xlfn.CONCAT('Answer Data Cleaning'!M478,"-",'Answer Data Cleaning'!L478,"-",'Answer Data Cleaning'!K478),"DD-MMM-YYYY") -> 01-Jun-1991 | V478: =DATEDIF(U478,"08-jun-2023","y") -> 32 | W478: 0 | X478: 4347.02 | Y478: tier - 2 | Z478: tier - 1 | AA478: R1024
B479: Id476 | C479: Royston, Mr. J P. II | D479: Mr | E479: J P | F479: Royston | G479: II | I479: Id476 | J479: 54.3 | K479: =IF(J479<18.5,"Underweight",IF(J479<25,"Normal Weight",IF(J479<30,"Overweight","Obesity"))) -> Obesity | L479: 4.15 | M479: =IF(L479<5.7,"Normal",IF(L479<6.5,"Prediabetes","Diabetes")) -> Normal | N479: =PROPER('Medical Examinations'!D477) -> Yes | O479: No | P479: No | Q479: 1 | R479: =PROPER('Answer Data Cleaning'!AA479) -> No | T479: Id1862 | U479: =TEXT(_xlfn.CONCAT('Answer Data Cleaning'!M479,"-",'Answer Data Cleaning'!L479,"-",'Answer Data Cleaning'!K479),"DD-MMM-YYYY") -> 01-Nov-1994 | V479: =DATEDIF(U479,"08-jun-2023","y") -> 28 | W479: 2 | X479: 4349.46 | Y479: tier - 2 | Z479: tier - 2 | AA479: R1013
B480: Id477 | C480: Tieri, Ms. Angela M. | D480: Ms | E480: Angela M | F480: Tieri | I480: Id477 | J480: 33.345 | K480: =IF(J480<18.5,"Underweight",IF(J480<25,"Normal Weight",IF(J480<30,"Overweight","Obesity"))) -> Obesity | L480: 11.32 | M480: =IF(L480<5.7,"Normal",IF(L480<6.5,"Prediabetes","Diabetes")) -> Diabetes | N480: =PROPER('Medical Examinations'!D478) -> Yes | O480: No | P480: No | Q480: 1 | R480: =PROPER('Answer Data Cleaning'!AA480) -> No | T480: Id1861 | U480: =TEXT(_xlfn.CONCAT('Answer Data Cleaning'!M480,"-",'Answer Data Cleaning'!L480,"-",'Answer Data Cleaning'!K480),"DD-MMM-YYYY") -> 13-Sep-1991 | V480: =DATEDIF(U480,"08-jun-2023","y") -> 31 | W480: 1 | X480: 4350.51 | Y480: tier - 2 | Z480: tier - 2 | AA480: R1013
B481: Id478 | C481: Whitney, Mr. Blake K. | D481: Mr | E481: Blake K | F481: Whitney | I481: Id478 | J481: 33 | K481: =IF(J481<18.5,"Underweight",IF(J481<25,"Normal Weight",IF(J481<30,"Overweight","Obesity"))) -> Obesity | L481: 9.51 | M481: =IF(L481<5.7,"Normal",IF(L481<6.5,"Prediabetes","Diabetes")) -> Diabetes | N481: =PROPER('Medical Examinations'!D479) -> Yes | O481: No | P481: No | Q481: 0 | R481: =PROPER('Answer Data Cleaning'!AA481) -> No | T481: Id1860 | U481: =TEXT(_xlfn.CONCAT('Answer Data Cleaning'!M481,"-",'Answer Data Cleaning'!L481,"-",'Answer Data Cleaning'!K481),"DD-MMM-YYYY") -> 28-Aug-1990 | V481: =DATEDIF(U481,"08-jun-2023","y") -> 32 | W481: 0 | X481: 4357.04 | Y481: tier - 2 | Z481: tier - 3 | AA481: R1012
B482: Id479 | C482: Wandzilak, Mr. Brian T. | D482: Mr | E482: Brian T | F482: Wandzilak | I482: Id479 | J482: 28.025 | K482: =IF(J482<18.5,"Underweight",IF(J482<25,"Normal Weight",IF(J482<30,"Overweight","Obesity"))) -> Overweight | L482: 7.67 | M482: =IF(L482<5.7,"Normal",IF(L482<6.5,"Prediabetes","Diabetes")) -> Diabetes | N482: =PROPER('Medical Examinations'!D480) -> Yes | O482: No | P482: No | Q482: 1 | R482: =PROPER('Answer Data Cleaning'!AA482) -> Yes | T482: Id1859 | U482: =TEXT(_xlfn.CONCAT('Answer Data Cleaning'!M482,"-",'Answer Data Cleaning'!L482,"-",'Answer Data Cleaning'!K482),"DD-MMM-YYYY") -> 29-Nov-1997 | V482: =DATEDIF(U482,"08-jun-2023","y") -> 25 | W482: 3 | X482: 4391.65 | Y482: tier - 2 | Z482: tier - 2 | AA482: R1011
B483: Id480 | C483: Valenzona, Mr. Damon | D483: Mr | E483: Damon | F483: Valenzona | I483: Id480 | J483: 28.69 | K483: =IF(J483<18.5,"Underweight",IF(J483<25,"Normal Weight",IF(J483<30,"Overweight","Obesity"))) -> Overweight | L483: 6.23 | M483: =IF(L483<5.7,"Normal",IF(L483<6.5,"Prediabetes","Diabetes")) -> Prediabetes | N483: =PROPER('Medical Examinations'!D481) -> No | O483: No | P483: No | Q483: 1 | R483: =PROPER('Answer Data Cleaning'!AA483) -> Yes | T483: Id1858 | U483: =TEXT(_xlfn.CONCAT('Answer Data Cleaning'!M483,"-",'Answer Data Cleaning'!L483,"-",'Answer Data Cleaning'!K483),"DD-MMM-YYYY") -> 29-Jun-1982 | V483: =DATEDIF(U483,"08-jun-2023","y") -> 40 | W483: 3 | X483: 4392.7 | Y483: tier - 2 | Z483: tier - 2 | AA483: R1013
B484: Id481 | C484: Young, Mr. Jeffrey | D484: Mr | E484: Jeffrey | F484: Young | I484: Id481 | J484: 40.28 | K484: =IF(J484<18.5,"Underweight",IF(J484<25,"Normal Weight",IF(J484<30,"Overweight","Obesity"))) -> Obesity | L484: 8.9 | M484: =IF(L484<5.7,"Normal",IF(L484<6.5,"Prediabetes","Diabetes")) -> Diabetes | N484: =PROPER('Medical Examinations'!D482) -> No | O484: No | P484: No | Q484: 0 | R484: =PROPER('Answer Data Cleaning'!AA484) -> No | T484: Id1857 | U484: =TEXT(_xlfn.CONCAT('Answer Data Cleaning'!M484,"-",'Answer Data Cleaning'!L484,"-",'Answer Data Cleaning'!K484),"DD-MMM-YYYY") -> 18-Jul-1988 | V484: =DATEDIF(U484,"08-jun-2023","y") -> 34 | W484: 3 | X484: 4397.31 | Y484: tier - 2 | Z484: tier - 2 | AA484: R1013
B485: Id482 | C485: Richards, Mr. Malcolm J. | D485: Mr | E485: Malcolm J | F485: Richards | I485: Id482 | J485: 37.3 | K485: =IF(J485<18.5,"Underweight",IF(J485<25,"Normal Weight",IF(J485<30,"Overweight","Obesity"))) -> Obesity | L485: 7.79 | M485: =IF(L485<5.7,"Normal",IF(L485<6.5,"Prediabetes","Diabetes")) -> Diabetes | N485: =PROPER('Medical Examinations'!D483) -> Yes | O485: No | P485: No | Q485: 0 | R485: =PROPER('Answer Data Cleaning'!AA485) -> No | T485: Id1856 | U485: =TEXT(_xlfn.CONCAT('Answer Data Cleaning'!M485,"-",'Answer Data Cleaning'!L485,"-",'Answer Data Cleaning'!K485),"DD-MMM-YYYY") -> 11-Aug-1986 | V485: =DATEDIF(U485,"08-jun-2023","y") -> 36 | W485: 0 | X485: 4399.73 | Y485: tier - 3 | Z485: tier - 2 | AA485: R1013
B486: Id483 | C486: Alexson, Ms. Margaret B. | D486: Ms | E486: Margaret B | F486: Alexson | I486: Id483 | J486: 54.47 | K486: =IF(J486<18.5,"Underweight",IF(J486<25,"Normal Weight",IF(J486<30,"Overweight","Obesity"))) -> Obesity | L486: 4.49 | M486: =IF(L486<5.7,"Normal",IF(L486<6.5,"Prediabetes","Diabetes")) -> Normal | N486: =PROPER('Medical Examinations'!D484) -> Yes | O486: No | P486: No | Q486: 2 | R486: =PROPER('Answer Data Cleaning'!AA486) -> No | T486: Id1855 | U486: =TEXT(_xlfn.CONCAT('Answer Data Cleaning'!M486,"-",'Answer Data Cleaning'!L486,"-",'Answer Data Cleaning'!K486),"DD-MMM-YYYY") -> 13-Jul-1986 | V486: =DATEDIF(U486,"08-jun-2023","y") -> 36 | W486: 0 | X486: 4402.23 | Y486: tier - 2 | Z486: tier - 2 | AA486: R1011
B487: Id484 | C487: Wright, Ms. Helen | D487: Ms | E487: Helen | F487: Wright | I487: Id484 | J487: 38.06 | K487: =IF(J487<18.5,"Underweight",IF(J487<25,"Normal Weight",IF(J487<30,"Overweight","Obesity"))) -> Obesity | L487: 5.24 | M487: =IF(L487<5.7,"Normal",IF(L487<6.5,"Prediabetes","Diabetes")) -> Normal | N487: =PROPER('Medical Examinations'!D485) -> Yes | O487: No | P487: Yes | Q487: 1 | R487: =PROPER('Answer Data Cleaning'!AA487) -> No | T487: Id1854 | U487: =TEXT(_xlfn.CONCAT('Answer Data Cleaning'!M487,"-",'Answer Data Cleaning'!L487,"-",'Answer Data Cleaning'!K487),"DD-MMM-YYYY") -> 16-Sep-1988 | V487: =DATEDIF(U487,"08-jun-2023","y") -> 34 | W487: 0 | X487: 4415.16 | Y487: tier - 2 | Z487: tier - 1 | AA487: R1013
B488: Id485 | C488: McKenna, Mr. Matthew | D488: Mr | E488: Matthew | F488: McKenna | I488: Id485 | J488: 51.47 | K488: =IF(J488<18.5,"Underweight",IF(J488<25,"Normal Weight",IF(J488<30,"Overweight","Obesity"))) -> Obesity | L488: 9.6 | M488: =IF(L488<5.7,"Normal",IF(L488<6.5,"Prediabetes","Diabetes")) -> Diabetes | N488: =PROPER('Medical Examinations'!D486) -> No | O488: No | P488: No | Q488: 0 | R488: =PROPER('Answer Data Cleaning'!AA488) -> No | T488: Id1853 | U488: =TEXT(_xlfn.CONCAT('Answer Data Cleaning'!M488,"-",'Answer Data Cleaning'!L488,"-",'Answer Data Cleaning'!K488),"DD-MMM-YYYY") -> 15-Aug-1992 | V488: =DATEDIF(U488,"08-jun-2023","y") -> 30 | W488: 0 | X488: 4420.95 | Y488: tier - 2 | Z488: tier - 3 | AA488: R1020
B489: Id486 | C489: Sallade, Mr. Jeff | D489: Mr | E489: Jeff | F489: Sallade | I489: Id486 | J489: 29.8 | K489: =IF(J489<18.5,"Underweight",IF(J489<25,"Normal Weight",IF(J489<30,"Overweight","Obesity"))) -> Overweight | L489: 5.78 | M489: =IF(L489<5.7,"Normal",IF(L489<6.5,"Prediabetes","Diabetes")) -> Prediabetes | N489: =PROPER('Medical Examinations'!D487) -> Yes | O489: No | P489: No | Q489: 0 | R489: =PROPER('Answer Data Cleaning'!AA489) -> No | T489: Id1852 | U489: =TEXT(_xlfn.CONCAT('Answer Data Cleaning'!M489,"-",'Answer Data Cleaning'!L489,"-",'Answer Data Cleaning'!K489),"DD-MMM-YYYY") -> 29-Dec-1994 | V489: =DATEDIF(U489,"08-jun-2023","y") -> 28 | W489: 2 | X489: 4428.89 | Y489: tier - 3 | Z489: tier - 1 | AA489: R1017
B490: Id487 | C490: Argall, Mrs. Tara R | D490: Mrs | E490: Tara R | F490: Argall | I490: Id487 | J490: 49.77 | K490: =IF(J490<18.5,"Underweight",IF(J490<25,"Normal Weight",IF(J490<30,"Overweight","Obesity"))) -> Obesity | L490: 7.02 | M490: =IF(L490<5.7,"Normal",IF(L490<6.5,"Prediabetes","Diabetes")) -> Diabetes | N490: =PROPER('Medical Examinations'!D488) -> No | O490: No | P490: No | Q490: 0 | R490: =PROPER('Answer Data Cleaning'!AA490) -> No | T490: Id1851 | U490: =TEXT(_xlfn.CONCAT('Answer Data Cleaning'!M490,"-",'Answer Data Cleaning'!L490,"-",'Answer Data Cleaning'!K490),"DD-MMM-YYYY") -> 04-Sep-1993 | V490: =DATEDIF(U490,"08-jun-2023","y") -> 29 | W490: 2 | X490: 4433.39 | Y490: tier - 2 | Z490: tier - 3 | AA490: R1012
B491: Id488 | C491: Patchell, Ms. Kristin | D491: Ms | E491: Kristin | F491: Patchell | I491: Id488 | J491: 25.555 | K491: =IF(J491<18.5,"Underweight",IF(J491<25,"Normal Weight",IF(J491<30,"Overweight","Obesity"))) -> Overweight | L491: 4.09 | M491: =IF(L491<5.7,"Normal",IF(L491<6.5,"Prediabetes","Diabetes")) -> Normal | N491: =PROPER('Medical Examinations'!D489) -> Yes | O491: No | P491: No | Q491: 0 | R491: =PROPER('Answer Data Cleaning'!AA491) -> Yes | T491: Id1850 | U491: =TEXT(_xlfn.CONCAT('Answer Data Cleaning'!M491,"-",'Answer Data Cleaning'!L491,"-",'Answer Data Cleaning'!K491),"DD-MMM-YYYY") -> 23-Dec-1993 | V491: =DATEDIF(U491,"08-jun-2023","y") -> 29 | W491: 2 | X491: 4433.92 | Y491: tier - 2 | Z491: tier - 2 | AA491: R1012
... B727: Id724 | C727: Nemec, Mrs. Lisa | D727: Mrs | E727: Lisa | F727: Nemec | I727: Id724 | J727: 27.72 | K727: =IF(J727<18.5,"Underweight",IF(J727<25,"Normal Weight",IF(J727<30,"Overweight","Obesity"))) -> Overweight | L727: 8.16 | M727: =IF(L727<5.7,"Normal",IF(L727<6.5,"Prediabetes","Diabetes")) -> Diabetes | N727: =PROPER('Medical Examinations'!D725) -> Yes | O727: No | P727: Yes | Q727: 1 | R727: =PROPER('Answer Data Cleaning'!AA727) -> No | T727: Id1614 | U727: =TEXT(_xlfn.CONCAT('Answer Data Cleaning'!M727,"-",'Answer Data Cleaning'!L727,"-",'Answer Data Cleaning'!K727),"DD-MMM-YYYY") -> 06-Oct-1984 | V727: =DATEDIF(U727,"08-jun-2023","y") -> 38 | W727: 3 | X727: 6170.96 | Y727: tier - 2 | Z727: tier - 1 | AA727: R1013
B728: Id725 | C728: Appman, Mr. William D. Jr. | D728: Mr | E728: William D | F728: Appman | G728: Jr | I728: Id725 | J728: 36.765 | K728: =IF(J728<18.5,"Underweight",IF(J728<25,"Normal Weight",IF(J728<30,"Overweight","Obesity"))) -> Obesity | L728: 4.48 | M728: =IF(L728<5.7,"Normal",IF(L728<6.5,"Prediabetes","Diabetes")) -> Normal | N728: =PROPER('Medical Examinations'!D726) -> Yes | O728: No | P728: No | Q728: 2 | R728: =PROPER('Answer Data Cleaning'!AA728) -> No | T728: Id1613 | U728: =TEXT(_xlfn.CONCAT('Answer Data Cleaning'!M728,"-",'Answer Data Cleaning'!L728,"-",'Answer Data Cleaning'!K728),"DD-MMM-YYYY") -> 09-Aug-1985 | V728: =DATEDIF(U728,"08-jun-2023","y") -> 37 | W728: 3 | X728: 6183.32 | Y728: tier - 2 | Z728: tier - 2 | AA728: R1012
B729: Id726 | C729: Driscoll, Mr. James | D729: Mr | E729: James | F729: Driscoll | I729: Id726 | J729: 48.36 | K729: =IF(J729<18.5,"Underweight",IF(J729<25,"Normal Weight",IF(J729<30,"Overweight","Obesity"))) -> Obesity | L729: 4.08 | M729: =IF(L729<5.7,"Normal",IF(L729<6.5,"Prediabetes","Diabetes")) -> Normal | N729: =PROPER('Medical Examinations'!D727) -> No | O729: No | P729: No | Q729: 0 | R729: =PROPER('Answer Data Cleaning'!AA729) -> No | T729: Id1612 | U729: =TEXT(_xlfn.CONCAT('Answer Data Cleaning'!M729,"-",'Answer Data Cleaning'!L729,"-",'Answer Data Cleaning'!K729),"DD-MMM-YYYY") -> 05-Oct-1970 | V729: =DATEDIF(U729,"08-jun-2023","y") -> 52 | W729: 0 | X729: 6183.46 | Y729: tier - 2 | Z729: tier - 2 | AA729: R1012
B730: Id727 | C730: Glotzbach, Mr. John | D730: Mr | E730: John | F730: Glotzbach | I730: Id727 | J730: 31.445 | K730: =IF(J730<18.5,"Underweight",IF(J730<25,"Normal Weight",IF(J730<30,"Overweight","Obesity"))) -> Obesity | L730: 4.4 | M730: =IF(L730<5.7,"Normal",IF(L730<6.5,"Prediabetes","Diabetes")) -> Normal | N730: =PROPER('Medical Examinations'!D728) -> Yes | O730: No | P730: No | Q730: 2 | R730: =PROPER('Answer Data Cleaning'!AA730) -> No | T730: Id1611 | U730: =TEXT(_xlfn.CONCAT('Answer Data Cleaning'!M730,"-",'Answer Data Cleaning'!L730,"-",'Answer Data Cleaning'!K730),"DD-MMM-YYYY") -> 01-Nov-1988 | V730: =DATEDIF(U730,"08-jun-2023","y") -> 34 | W730: 3 | X730: 6184.3 | Y730: tier - 2 | Z730: tier - 3 | AA730: R1013
B731: Id728 | C731: Tenforde, Mr. Adam S | D731: Mr | E731: Adam S | F731: Tenforde | I731: Id728 | J731: 27.55 | K731: =IF(J731<18.5,"Underweight",IF(J731<25,"Normal Weight",IF(J731<30,"Overweight","Obesity"))) -> Overweight | L731: 9.02 | M731: =IF(L731<5.7,"Normal",IF(L731<6.5,"Prediabetes","Diabetes")) -> Diabetes | N731: =PROPER('Medical Examinations'!D729) -> No | O731: No | P731: No | Q731: 0 | R731: =PROPER('Answer Data Cleaning'!AA731) -> No | T731: Id1610 | U731: =TEXT(_xlfn.CONCAT('Answer Data Cleaning'!M731,"-",'Answer Data Cleaning'!L731,"-",'Answer Data Cleaning'!K731),"DD-MMM-YYYY") -> 22-Nov-1981 | V731: =DATEDIF(U731,"08-jun-2023","y") -> 41 | W731: 0 | X731: 6185.32 | Y731: tier - 2 | Z731: tier - 1 | AA731: R1013
B732: Id729 | C732: Ramirez, Mr. Armando | D732: Mr | E732: Armando | F732: Ramirez | I732: Id729 | J732: 33.11 | K732: =IF(J732<18.5,"Underweight",IF(J732<25,"Normal Weight",IF(J732<30,"Overweight","Obesity"))) -> Obesity | L732: 8.06 | M732: =IF(L732<5.7,"Normal",IF(L732<6.5,"Prediabetes","Diabetes")) -> Diabetes | N732: =PROPER('Medical Examinations'!D730) -> No | O732: No | P732: No | Q732: 0 | R732: =PROPER('Answer Data Cleaning'!AA732) -> No | T732: Id1609 | U732: =TEXT(_xlfn.CONCAT('Answer Data Cleaning'!M732,"-",'Answer Data Cleaning'!L732,"-",'Answer Data Cleaning'!K732),"DD-MMM-YYYY") -> 01-Oct-1981 | V732: =DATEDIF(U732,"08-jun-2023","y") -> 41 | W732: 0 | X732: 6186.13 | Y732: tier - 2 | Z732: tier - 3 | AA732: R1011
B733: Id730 | C733: Stanley Torres, Ms. Dana | D733: Ms | E733: Dana | F733: Stanley Torres | I733: Id730 | J733: 36.85 | K733: =IF(J733<18.5,"Underweight",IF(J733<25,"Normal Weight",IF(J733<30,"Overweight","Obesity"))) -> Obesity | L733: 6.21 | M733: =IF(L733<5.7,"Normal",IF(L733<6.5,"Prediabetes","Diabetes")) -> Prediabetes | N733: =PROPER('Medical Examinations'!D731) -> Yes | O733: No | P733: No | Q733: 2 | R733: =PROPER('Answer Data Cleaning'!AA733) -> No | T733: Id1608 | U733: =TEXT(_xlfn.CONCAT('Answer Data Cleaning'!M733,"-",'Answer Data Cleaning'!L733,"-",'Answer Data Cleaning'!K733),"DD-MMM-YYYY") -> 23-Oct-1988 | V733: =DATEDIF(U733,"08-jun-2023","y") -> 34 | W733: 3 | X733: 6196.45 | Y733: tier - 2 | Z733: tier - 1 | AA733: R1011
B734: Id731 | C734: Vandongen, Ms. Jennifer L | D734: Ms | E734: Jennifer L | F734: Vandongen | I734: Id731 | J734: 36.3 | K734: =IF(J734<18.5,"Underweight",IF(J734<25,"Normal Weight",IF(J734<30,"Overweight","Obesity"))) -> Obesity | L734: 5.79 | M734: =IF(L734<5.7,"Normal",IF(L734<6.5,"Prediabetes","Diabetes")) -> Prediabetes | N734: =PROPER('Medical Examinations'!D732) -> Yes | O734: No | P734: No | Q734: 2 | R734: =PROPER('Answer Data Cleaning'!AA734) -> No | T734: Id1607 | U734: =TEXT(_xlfn.CONCAT('Answer Data Cleaning'!M734,"-",'Answer Data Cleaning'!L734,"-",'Answer Data Cleaning'!K734),"DD-MMM-YYYY") -> 22-Jul-1985 | V734: =DATEDIF(U734,"08-jun-2023","y") -> 37 | W734: 2 | X734: 6198.75 | Y734: tier - 2 | Z734: tier - 1 | AA734: R1012
B735: Id732 | C735: Liebald, Mr. Benjamin | D735: Mr | E735: Benjamin | F735: Liebald | I735: Id732 | J735: 45.34 | K735: =IF(J735<18.5,"Underweight",IF(J735<25,"Normal Weight",IF(J735<30,"Overweight","Obesity"))) -> Obesity | L735: 5.69 | M735: =IF(L735<5.7,"Normal",IF(L735<6.5,"Prediabetes","Diabetes")) -> Normal | N735: =PROPER('Medical Examinations'!D733) -> Yes | O735: No | P735: No | Q735: 0 | R735: =PROPER('Answer Data Cleaning'!AA735) -> No | T735: ? | U735: =TEXT(_xlfn.CONCAT('Answer Data Cleaning'!M735,"-",'Answer Data Cleaning'!L735,"-",'Answer Data Cleaning'!K735),"DD-MMM-YYYY") -> 20-Dec-1985 | V735: =DATEDIF(U735,"08-jun-2023","y") -> 37 | W735: 2 | X735: 6203.9 | Y735: tier - 1 | Z735: tier - 2 | AA735: R1012
B736: Id733 | C736: Holte, Ms. Tanya | D736: Ms | E736: Tanya | F736: Holte | I736: Id733 | J736: 31.8 | K736: =IF(J736<18.5,"Underweight",IF(J736<25,"Normal Weight",IF(J736<30,"Overweight","Obesity"))) -> Obesity | L736: 5.36 | M736: =IF(L736<5.7,"Normal",IF(L736<6.5,"Prediabetes","Diabetes")) -> Normal | N736: =PROPER('Medical Examinations'!D734) -> Yes | O736: No | P736: No | Q736: 2 | R736: =PROPER('Answer Data Cleaning'!AA736) -> No | T736: Id1606 | U736: =TEXT(_xlfn.CONCAT('Answer Data Cleaning'!M736,"-",'Answer Data Cleaning'!L736,"-",'Answer Data Cleaning'!K736),"DD-MMM-YYYY") -> 22-Sep-1985 | V736: =DATEDIF(U736,"08-jun-2023","y") -> 37 | W736: 2 | X736: 6203.9 | Y736: tier - 2 | Z736: tier - 2 | AA736: R1012
B737: Id734 | C737: Johnson, Ms. Tracy | D737: Ms | E737: Tracy | F737: Johnson | I737: Id734 | J737: 41.02 | K737: =IF(J737<18.5,"Underweight",IF(J737<25,"Normal Weight",IF(J737<30,"Overweight","Obesity"))) -> Obesity | L737: 11.37 | M737: =IF(L737<5.7,"Normal",IF(L737<6.5,"Prediabetes","Diabetes")) -> Diabetes | N737: =PROPER('Medical Examinations'!D735) -> No | O737: No | P737: No | Q737: 0 | R737: =PROPER('Answer Data Cleaning'!AA737) -> No | T737: Id1605 | U737: =TEXT(_xlfn.CONCAT('Answer Data Cleaning'!M737,"-",'Answer Data Cleaning'!L737,"-",'Answer Data Cleaning'!K737),"DD-MMM-YYYY") -> 10-Sep-1999 | V737: =DATEDIF(U737,"08-jun-2023","y") -> 23 | W737: 0 | X737: 6207.26 | Y737: tier - 2 | Z737: tier - 2 | AA737: R1026
B738: Id735 | C738: Bartlett, Ms. Emily S | D738: Ms | E738: Emily S | F738: Bartlett | I738: Id735 | J738: 32.68 | K738: =IF(J738<18.5,"Underweight",IF(J738<25,"Normal Weight",IF(J738<30,"Overweight","Obesity"))) -> Obesity | L738: 11.87 | M738: =IF(L738<5.7,"Normal",IF(L738<6.5,"Prediabetes","Diabetes")) -> Diabetes | N738: =PROPER('Medical Examinations'!D736) -> No | O738: No | P738: No | Q738: 0 | R738: =PROPER('Answer Data Cleaning'!AA738) -> No | T738: Id1604 | U738: =TEXT(_xlfn.CONCAT('Answer Data Cleaning'!M738,"-",'Answer Data Cleaning'!L738,"-",'Answer Data Cleaning'!K738),"DD-MMM-YYYY") -> 12-Aug-1992 | V738: =DATEDIF(U738,"08-jun-2023","y") -> 30 | W738: 0 | X738: 6208.5 | Y738: tier - 2 | Z738: tier - 1 | AA738: R1021
B739: Id736 | C739: Bergman, Ms. Kelly R | D739: Ms | E739: Kelly R | F739: Bergman | I739: Id736 | J739: 21.7 | K739: =IF(J739<18.5,"Underweight",IF(J739<25,"Normal Weight",IF(J739<30,"Overweight","Obesity"))) -> Normal Weight | L739: 4.9 | M739: =IF(L739<5.7,"Normal",IF(L739<6.5,"Prediabetes","Diabetes")) -> Normal | N739: =PROPER('Medical Examinations'!D737) -> No | O739: No | P739: Yes | Q739: 1 | R739: =PROPER('Answer Data Cleaning'!AA739) -> Yes | T739: Id1603 | U739: =TEXT(_xlfn.CONCAT('Answer Data Cleaning'!M739,"-",'Answer Data Cleaning'!L739,"-",'Answer Data Cleaning'!K739),"DD-MMM-YYYY") -> 29-Jun-1972 | V739: =DATEDIF(U739,"08-jun-2023","y") -> 50 | W739: 0 | X739: 6219.93 | Y739: tier - 2 | Z739: tier - 2 | AA739: R1013
B740: Id737 | C740: Aitken, Mr. Kyle | D740: Mr | E740: Kyle | F740: Aitken | I740: Id737 | J740: 40.48 | K740: =IF(J740<18.5,"Underweight",IF(J740<25,"Normal Weight",IF(J740<30,"Overweight","Obesity"))) -> Obesity | L740: 6.7 | M740: =IF(L740<5.7,"Normal",IF(L740<6.5,"Prediabetes","Diabetes")) -> Diabetes | N740: =PROPER('Medical Examinations'!D738) -> No | O740: No | P740: No | Q740: 3 | R740: =PROPER('Answer Data Cleaning'!AA740) -> No | T740: Id1602 | U740: =TEXT(_xlfn.CONCAT('Answer Data Cleaning'!M740,"-",'Answer Data Cleaning'!L740,"-",'Answer Data Cleaning'!K740),"DD-MMM-YYYY") -> 19-Sep-1978 | V740: =DATEDIF(U740,"08-jun-2023","y") -> 44 | W740: 2 | X740: 6236.95 | Y740: tier - 2 | Z740: tier - 2 | AA740: R1013
... B894: Id891 | C894: Bauder, Mr. Andrew R | D894: Mr | E894: Andrew R | F894: Bauder | I894: Id891 | J894: 25.74 | K894: =IF(J894<18.5,"Underweight",IF(J894<25,"Normal Weight",IF(J894<30,"Overweight","Obesity"))) -> Overweight | L894: 7.69 | M894: =IF(L894<5.7,"Normal",IF(L894<6.5,"Prediabetes","Diabetes")) -> Diabetes | N894: =PROPER('Medical Examinations'!D892) -> No | O894: No | P894: No | Q894: 0 | R894: =PROPER('Answer Data Cleaning'!AA894) -> No | T894: Id1448 | U894: =TEXT(_xlfn.CONCAT('Answer Data Cleaning'!M894,"-",'Answer Data Cleaning'!L894,"-",'Answer Data Cleaning'!K894),"DD-MMM-YYYY") -> 06-Jun-1965 | V894: =DATEDIF(U894,"08-jun-2023","y") -> 58 | W894: 0 | X894: 7304.65 | Y894: tier - 3 | Z894: tier - 3 | AA894: R1013
B895: Id892 | C895: Mendoza, Mr. Francisco J. Sr. | D895: Mr | E895: Francisco J | F895: Mendoza | G895: Sr | I895: Id892 | J895: 36.06 | K895: =IF(J895<18.5,"Underweight",IF(J895<25,"Normal Weight",IF(J895<30,"Overweight","Obesity"))) -> Obesity | L895: 8.83 | M895: =IF(L895<5.7,"Normal",IF(L895<6.5,"Prediabetes","Diabetes")) -> Diabetes | N895: =PROPER('Medical Examinations'!D893) -> No | O895: No | P895: No | Q895: 0 | R895: =PROPER('Answer Data Cleaning'!AA895) -> No | T895: Id1447 | U895: =TEXT(_xlfn.CONCAT('Answer Data Cleaning'!M895,"-",'Answer Data Cleaning'!L895,"-",'Answer Data Cleaning'!K895),"DD-MMM-YYYY") -> 25-Jun-1965 | V895: =DATEDIF(U895,"08-jun-2023","y") -> 57 | W895: 0 | X895: 7318.21 | Y895: tier - 3 | Z895: tier - 1 | AA895: R1013
B896: Id893 | C896: Glass, Mrs. Rhonda | D896: Mrs | E896: Rhonda | F896: Glass | I896: Id893 | J896: 43.28 | K896: =IF(J896<18.5,"Underweight",IF(J896<25,"Normal Weight",IF(J896<30,"Overweight","Obesity"))) -> Obesity | L896: 4.41 | M896: =IF(L896<5.7,"Normal",IF(L896<6.5,"Prediabetes","Diabetes")) -> Normal | N896: =PROPER('Medical Examinations'!D894) -> No | O896: No | P896: No | Q896: 0 | R896: =PROPER('Answer Data Cleaning'!AA896) -> No | T896: Id1446 | U896: =TEXT(_xlfn.CONCAT('Answer Data Cleaning'!M896,"-",'Answer Data Cleaning'!L896,"-",'Answer Data Cleaning'!K896),"DD-MMM-YYYY") -> 11-Aug-1972 | V896: =DATEDIF(U896,"08-jun-2023","y") -> 50 | W896: 0 | X896: 7318.22 | Y896: tier - 2 | Z896: tier - 3 | AA896: R1012
B897: Id894 | C897: Butcher, Mr. John | D897: Mr | E897: John | F897: Butcher | I897: Id894 | J897: 28.785 | K897: =IF(J897<18.5,"Underweight",IF(J897<25,"Normal Weight",IF(J897<30,"Overweight","Obesity"))) -> Overweight | L897: 9.1 | M897: =IF(L897<5.7,"Normal",IF(L897<6.5,"Prediabetes","Diabetes")) -> Diabetes | N897: =PROPER('Medical Examinations'!D895) -> Yes | O897: No | P897: Yes | Q897: 1 | R897: =PROPER('Answer Data Cleaning'!AA897) -> No | T897: Id1445 | U897: =TEXT(_xlfn.CONCAT('Answer Data Cleaning'!M897,"-",'Answer Data Cleaning'!L897,"-",'Answer Data Cleaning'!K897),"DD-MMM-YYYY") -> 11-Jul-1965 | V897: =DATEDIF(U897,"08-jun-2023","y") -> 57 | W897: 0 | X897: 7322.86 | Y897: tier - 3 | Z897: tier - 3 | AA897: R1012
B898: Id895 | C898: Traiser, Mr. Miles J. | D898: Mr | E898: Miles J | F898: Traiser | I898: Id895 | J898: 25.46 | K898: =IF(J898<18.5,"Underweight",IF(J898<25,"Normal Weight",IF(J898<30,"Overweight","Obesity"))) -> Overweight | L898: 11.52 | M898: =IF(L898<5.7,"Normal",IF(L898<6.5,"Prediabetes","Diabetes")) -> Diabetes | N898: =PROPER('Medical Examinations'!D896) -> Yes | O898: No | P898: Yes | Q898: 1 | R898: =PROPER('Answer Data Cleaning'!AA898) -> No | T898: Id1444 | U898: =TEXT(_xlfn.CONCAT('Answer Data Cleaning'!M898,"-",'Answer Data Cleaning'!L898,"-",'Answer Data Cleaning'!K898),"DD-MMM-YYYY") -> 15-Nov-2004 | V898: =DATEDIF(U898,"08-jun-2023","y") -> 18 | W898: 0 | X898: 7323.73 | Y898: tier - 2 | Z898: tier - 2 | AA898: R1024
B899: Id896 | C899: Mudy-Mader, Ms. Justyna I. | D899: Ms | E899: Justyna I | F899: Mudy-Mader | I899: Id896 | J899: 30.8 | K899: =IF(J899<18.5,"Underweight",IF(J899<25,"Normal Weight",IF(J899<30,"Overweight","Obesity"))) -> Obesity | L899: 10.95 | M899: =IF(L899<5.7,"Normal",IF(L899<6.5,"Prediabetes","Diabetes")) -> Diabetes | N899: =PROPER('Medical Examinations'!D897) -> No | O899: No | P899: No | Q899: 0 | R899: =PROPER('Answer Data Cleaning'!AA899) -> No | T899: Id1443 | U899: =TEXT(_xlfn.CONCAT('Answer Data Cleaning'!M899,"-",'Answer Data Cleaning'!L899,"-",'Answer Data Cleaning'!K899),"DD-MMM-YYYY") -> 19-Jun-1979 | V899: =DATEDIF(U899,"08-jun-2023","y") -> 43 | W899: 0 | X899: 7325.05 | Y899: tier - 2 | Z899: tier - 3 | AA899: R1024
B900: Id897 | C900: Rogers, Ms. Lucille | D900: Ms | E900: Lucille | F900: Rogers | I900: Id897 | J900: 28.88 | K900: =IF(J900<18.5,"Underweight",IF(J900<25,"Normal Weight",IF(J900<30,"Overweight","Obesity"))) -> Overweight | L900: 11.5 | M900: =IF(L900<5.7,"Normal",IF(L900<6.5,"Prediabetes","Diabetes")) -> Diabetes | N900: =PROPER('Medical Examinations'!D898) -> No | O900: No | P900: No | Q900: 0 | R900: =PROPER('Answer Data Cleaning'!AA900) -> No | T900: Id1442 | U900: =TEXT(_xlfn.CONCAT('Answer Data Cleaning'!M900,"-",'Answer Data Cleaning'!L900,"-",'Answer Data Cleaning'!K900),"DD-MMM-YYYY") -> 25-Jul-1984 | V900: =DATEDIF(U900,"08-jun-2023","y") -> 38 | W900: 3 | X900: 7325.47 | Y900: tier - 2 | Z900: tier - 1 | AA900: R1012
B901: Id898 | C901: Woo, Ms. April | D901: Ms | E901: April | F901: Woo | I901: Id898 | J901: 23 | K901: =IF(J901<18.5,"Underweight",IF(J901<25,"Normal Weight",IF(J901<30,"Overweight","Obesity"))) -> Normal Weight | L901: 9.88 | M901: =IF(L901<5.7,"Normal",IF(L901<6.5,"Prediabetes","Diabetes")) -> Diabetes | N901: =PROPER('Medical Examinations'!D899) -> No | O901: No | P901: No | Q901: 0 | R901: =PROPER('Answer Data Cleaning'!AA901) -> No | T901: Id1441 | U901: =TEXT(_xlfn.CONCAT('Answer Data Cleaning'!M901,"-",'Answer Data Cleaning'!L901,"-",'Answer Data Cleaning'!K901),"DD-MMM-YYYY") -> 19-Sep-1979 | V901: =DATEDIF(U901,"08-jun-2023","y") -> 43 | W901: 1 | X901: 7337.75 | Y901: tier - 2 | Z901: tier - 3 | AA901: R1011
B902: Id899 | C902: Walsh, Mr. Robert | D902: Mr | E902: Robert | F902: Walsh | I902: Id899 | J902: 38.25 | K902: =IF(J902<18.5,"Underweight",IF(J902<25,"Normal Weight",IF(J902<30,"Overweight","Obesity"))) -> Obesity | L902: 6.2 | M902: =IF(L902<5.7,"Normal",IF(L902<6.5,"Prediabetes","Diabetes")) -> Prediabetes | N902: =PROPER('Medical Examinations'!D900) -> No | O902: No | P902: No | Q902: 1 | R902: =PROPER('Answer Data Cleaning'!AA902) -> No | T902: Id1440 | U902: =TEXT(_xlfn.CONCAT('Answer Data Cleaning'!M902,"-",'Answer Data Cleaning'!L902,"-",'Answer Data Cleaning'!K902),"DD-MMM-YYYY") -> 15-Jun-1986 | V902: =DATEDIF(U902,"08-jun-2023","y") -> 36 | W902: 3 | X902: 7339.93 | Y902: tier - 2 | Z902: tier - 2 | AA902: R1012
B903: Id900 | C903: White, Mrs. Alyssa | D903: Mrs | E903: Alyssa | F903: White | I903: Id900 | J903: 39.25 | K903: =IF(J903<18.5,"Underweight",IF(J903<25,"Normal Weight",IF(J903<30,"Overweight","Obesity"))) -> Obesity | L903: 8.41 | M903: =IF(L903<5.7,"Normal",IF(L903<6.5,"Prediabetes","Diabetes")) -> Diabetes | N903: =PROPER('Medical Examinations'!D901) -> Yes | O903: No | P903: No | Q903: 1 | R903: =PROPER('Answer Data Cleaning'!AA903) -> No | T903: Id1439 | U903: =TEXT(_xlfn.CONCAT('Answer Data Cleaning'!M903,"-",'Answer Data Cleaning'!L903,"-",'Answer Data Cleaning'!K903),"DD-MMM-YYYY") -> 18-Dec-1977 | V903: =DATEDIF(U903,"08-jun-2023","y") -> 45 | W903: 0 | X903: 7345.08 | Y903: tier - 2 | Z903: tier - 1 | AA903: R1011
B904: Id901 | C904: Sheppard, Ms. Jessica E. | D904: Ms | E904: Jessica E | F904: Sheppard | I904: Id901 | J904: 26.6 | K904: =IF(J904<18.5,"Underweight",IF(J904<25,"Normal Weight",IF(J904<30,"Overweight","Obesity"))) -> Overweight | L904: 5.07 | M904: =IF(L904<5.7,"Normal",IF(L904<6.5,"Prediabetes","Diabetes")) -> Normal | N904: =PROPER('Medical Examinations'!D902) -> Yes | O904: No | P904: No | Q904: 2 | R904: =PROPER('Answer Data Cleaning'!AA904) -> No | T904: Id1438 | U904: =TEXT(_xlfn.CONCAT('Answer Data Cleaning'!M904,"-",'Answer Data Cleaning'!L904,"-",'Answer Data Cleaning'!K904),"DD-MMM-YYYY") -> 26-Jun-1979 | V904: =DATEDIF(U904,"08-jun-2023","y") -> 43 | W904: 1 | X904: 7345.73 | Y904: tier - 2 | Z904: tier - 1 | AA904: R1013
B905: Id902 | C905: Doran, Mr. Patrick J. | D905: Mr | E905: Patrick J | F905: Doran | I905: Id902 | J905: 35.7 | K905: =IF(J905<18.5,"Underweight",IF(J905<25,"Normal Weight",IF(J905<30,"Overweight","Obesity"))) -> Obesity | L905: 4.06 | M905: =IF(L905<5.7,"Normal",IF(L905<6.5,"Prediabetes","Diabetes")) -> Normal | N905: =PROPER('Medical Examinations'!D903) -> No | O905: No | P905: Yes | Q905: 1 | R905: =PROPER('Answer Data Cleaning'!AA905) -> No | T905: Id1437 | U905: =TEXT(_xlfn.CONCAT('Answer Data Cleaning'!M905,"-",'Answer Data Cleaning'!L905,"-",'Answer Data Cleaning'!K905),"DD-MMM-YYYY") -> 01-Dec-1977 | V905: =DATEDIF(U905,"08-jun-2023","y") -> 45 | W905: 0 | X905: 7348.14 | Y905: tier - 2 | Z905: tier - 1 | AA905: R1011
B906: Id903 | C906: Labrosse, Ms. Emilie | D906: Ms | E906: Emilie | F906: Labrosse | I906: Id903 | J906: 20.1 | K906: =IF(J906<18.5,"Underweight",IF(J906<25,"Normal Weight",IF(J906<30,"Overweight","Obesity"))) -> Normal Weight | L906: 10.52 | M906: =IF(L906<5.7,"Normal",IF(L906<6.5,"Prediabetes","Diabetes")) -> Diabetes | N906: =PROPER('Medical Examinations'!D904) -> No | O906: No | P906: No | Q906: 0 | R906: =PROPER('Answer Data Cleaning'!AA906) -> No | T906: Id1436 | U906: =TEXT(_xlfn.CONCAT('Answer Data Cleaning'!M906,"-",'Answer Data Cleaning'!L906,"-",'Answer Data Cleaning'!K906),"DD-MMM-YYYY") -> 05-Oct-1993 | V906: =DATEDIF(U906,"08-jun-2023","y") -> 29 | W906: 0 | X906: 7349.12 | Y906: tier - 2 | Z906: tier - 2 | AA906: R1021
B907: Id904 | C907: Thomas, Ms. Caitlin B. | D907: Ms | E907: Caitlin B | F907: Thomas | I907: Id904 | J907: 22.23 | K907: =IF(J907<18.5,"Underweight",IF(J907<25,"Normal Weight",IF(J907<30,"Overweight","Obesity"))) -> Normal Weight | L907: 9.65 | M907: =IF(L907<5.7,"Normal",IF(L907<6.5,"Prediabetes","Diabetes")) -> Diabetes | N907: =PROPER('Medical Examinations'!D905) -> No | O907: No | P907: No | Q907: 0 | R907: =PROPER('Answer Data Cleaning'!AA907) -> No | T907: Id1435 | U907: =TEXT(_xlfn.CONCAT('Answer Data Cleaning'!M907,"-",'Answer Data Cleaning'!L907,"-",'Answer Data Cleaning'!K907),"DD-MMM-YYYY") -> 21-Jun-1983 | V907: =DATEDIF(U907,"08-jun-2023","y") -> 39 | W907: 3 | X907: 7357.49 | Y907: tier - 2 | Z907: tier - 2 | AA907: R1012
... B1064: Id1061 | C1064: Dockemeyer, Mr. Kevin J | D1064: Mr | E1064: Kevin J | F1064: Dockemeyer | I1064: Id1061 | J1064: 39.6 | K1064: =IF(J1064<18.5,"Underweight",IF(J1064<25,"Normal Weight",IF(J1064<30,"Overweight","Obesity"))) -> Obesity | L1064: 5.11 | M1064: =IF(L1064<5.7,"Normal",IF(L1064<6.5,"Prediabetes","Diabetes")) -> Normal | N1064: =PROPER('Medical Examinations'!D1062) -> Yes | O1064: No | P1064: No | Q1064: 2 | R1064: =PROPER('Answer Data Cleaning'!AA1064) -> No | T1064: Id1278 | U1064: =TEXT(_xlfn.CONCAT('Answer Data Cleaning'!M1064,"-",'Answer Data Cleaning'!L1064,"-",'Answer Data Cleaning'!K1064),"DD-MMM-YYYY") -> 25-Jul-1983 | V1064: =DATEDIF(U1064,"08-jun-2023","y") -> 39 | W1064: 5 | X1064: 8596.83 | Y1064: tier - 2 | Z1064: tier - 3 | AA1064: R1013
B1065: Id1062 | C1065: Steele, Mr. William H. III | D1065: Mr | E1065: William H | F1065: Steele | G1065: III | I1065: Id1062 | J1065: 30.97 | K1065: =IF(J1065<18.5,"Underweight",IF(J1065<25,"Normal Weight",IF(J1065<30,"Overweight","Obesity"))) -> Obesity | L1065: 5.54 | M1065: =IF(L1065<5.7,"Normal",IF(L1065<6.5,"Prediabetes","Diabetes")) -> Normal | N1065: =PROPER('Medical Examinations'!D1063) -> No | O1065: No | P1065: No | Q1065: 2 | R1065: =PROPER('Answer Data Cleaning'!AA1065) -> No | T1065: Id1277 | U1065: =TEXT(_xlfn.CONCAT('Answer Data Cleaning'!M1065,"-",'Answer Data Cleaning'!L1065,"-",'Answer Data Cleaning'!K1065),"DD-MMM-YYYY") -> 11-Jul-1973 | V1065: =DATEDIF(U1065,"08-jun-2023","y") -> 49 | W1065: 0 | X1065: 8601.33 | Y1065: tier - 2 | Z1065: tier - 1 | AA1065: R1013
B1066: Id1063 | C1066: Harel, Mr. Gal | D1066: Mr | E1066: Gal | F1066: Harel | I1066: Id1063 | J1066: 27.645 | K1066: =IF(J1066<18.5,"Underweight",IF(J1066<25,"Normal Weight",IF(J1066<30,"Overweight","Obesity"))) -> Overweight | L1066: 8.87 | M1066: =IF(L1066<5.7,"Normal",IF(L1066<6.5,"Prediabetes","Diabetes")) -> Diabetes | N1066: =PROPER('Medical Examinations'!D1064) -> Yes | O1066: No | P1066: No | Q1066: 0 | R1066: =PROPER('Answer Data Cleaning'!AA1066) -> No | T1066: Id1276 | U1066: =TEXT(_xlfn.CONCAT('Answer Data Cleaning'!M1066,"-",'Answer Data Cleaning'!L1066,"-",'Answer Data Cleaning'!K1066),"DD-MMM-YYYY") -> 24-Sep-1977 | V1066: =DATEDIF(U1066,"08-jun-2023","y") -> 45 | W1066: 2 | X1066: 8603.82 | Y1066: tier - 2 | Z1066: tier - 1 | AA1066: R1019
B1067: Id1064 | C1067: Aguila, Mr. Anton | D1067: Mr | E1067: Anton | F1067: Aguila | I1067: Id1064 | J1067: 34.43 | K1067: =IF(J1067<18.5,"Underweight",IF(J1067<25,"Normal Weight",IF(J1067<30,"Overweight","Obesity"))) -> Obesity | L1067: 5.96 | M1067: =IF(L1067<5.7,"Normal",IF(L1067<6.5,"Prediabetes","Diabetes")) -> Prediabetes | N1067: =PROPER('Medical Examinations'!D1065) -> Yes | O1067: No | P1067: No | Q1067: 2 | R1067: =PROPER('Answer Data Cleaning'!AA1067) -> No | T1067: Id1275 | U1067: =TEXT(_xlfn.CONCAT('Answer Data Cleaning'!M1067,"-",'Answer Data Cleaning'!L1067,"-",'Answer Data Cleaning'!K1067),"DD-MMM-YYYY") -> 12-Nov-1977 | V1067: =DATEDIF(U1067,"08-jun-2023","y") -> 45 | W1067: 2 | X1067: 8604.48 | Y1067: tier - 3 | Z1067: tier - 2 | AA1067: R1016
B1068: Id1065 | C1068: Vallejo Sarmiento, Ms. Yazmin | D1068: Ms | E1068: Yazmin | F1068: Vallejo Sarmiento | I1068: Id1065 | J1068: 39.6 | K1068: =IF(J1068<18.5,"Underweight",IF(J1068<25,"Normal Weight",IF(J1068<30,"Overweight","Obesity"))) -> Obesity | L1068: 4.44 | M1068: =IF(L1068<5.7,"Normal",IF(L1068<6.5,"Prediabetes","Diabetes")) -> Normal | N1068: =PROPER('Medical Examinations'!D1066) -> Yes | O1068: No | P1068: Yes | Q1068: 1 | R1068: =PROPER('Answer Data Cleaning'!AA1068) -> No | T1068: Id1274 | U1068: =TEXT(_xlfn.CONCAT('Answer Data Cleaning'!M1068,"-",'Answer Data Cleaning'!L1068,"-",'Answer Data Cleaning'!K1068),"DD-MMM-YYYY") -> 15-Oct-1977 | V1068: =DATEDIF(U1068,"08-jun-2023","y") -> 45 | W1068: 3 | X1068: 8605.36 | Y1068: tier - 2 | Z1068: tier - 2 | AA1068: R1013
B1069: Id1066 | C1069: Beisheim, Mr. Florian | D1069: Mr | E1069: Florian | F1069: Beisheim | I1069: Id1066 | J1069: 22.1 | K1069: =IF(J1069<18.5,"Underweight",IF(J1069<25,"Normal Weight",IF(J1069<30,"Overweight","Obesity"))) -> Normal Weight | L1069: 4.65 | M1069: =IF(L1069<5.7,"Normal",IF(L1069<6.5,"Prediabetes","Diabetes")) -> Normal | N1069: =PROPER('Medical Examinations'!D1067) -> Yes | O1069: No | P1069: No | Q1069: 2 | R1069: =PROPER('Answer Data Cleaning'!AA1069) -> No | T1069: Id1273 | U1069: =TEXT(_xlfn.CONCAT('Answer Data Cleaning'!M1069,"-",'Answer Data Cleaning'!L1069,"-",'Answer Data Cleaning'!K1069),"DD-MMM-YYYY") -> 17-Jul-1979 | V1069: =DATEDIF(U1069,"08-jun-2023","y") -> 43 | W1069: 3 | X1069: 8606.22 | Y1069: tier - 1 | Z1069: tier - 2 | AA1069: R1014
B1070: Id1067 | C1070: Lenhoff, Ms. Karen L | D1070: Ms | E1070: Karen L | F1070: Lenhoff | I1070: Id1067 | J1070: 33.25 | K1070: =IF(J1070<18.5,"Underweight",IF(J1070<25,"Normal Weight",IF(J1070<30,"Overweight","Obesity"))) -> Obesity | L1070: 5.64 | M1070: =IF(L1070<5.7,"Normal",IF(L1070<6.5,"Prediabetes","Diabetes")) -> Normal | N1070: =PROPER('Medical Examinations'!D1068) -> Yes | O1070: No | P1070: Yes | Q1070: 1 | R1070: =PROPER('Answer Data Cleaning'!AA1070) -> No | T1070: Id1272 | U1070: =TEXT(_xlfn.CONCAT('Answer Data Cleaning'!M1070,"-",'Answer Data Cleaning'!L1070,"-",'Answer Data Cleaning'!K1070),"DD-MMM-YYYY") -> 02-Sep-1977 | V1070: =DATEDIF(U1070,"08-jun-2023","y") -> 45 | W1070: 3 | X1070: 8615.3 | Y1070: tier - 2 | Z1070: tier - 3 | AA1070: R1011
B1071: Id1068 | C1071: Wehrwein, Mr. Scott | D1071: Mr | E1071: Scott | F1071: Wehrwein | I1071: Id1068 | J1071: 33.33 | K1071: =IF(J1071<18.5,"Underweight",IF(J1071<25,"Normal Weight",IF(J1071<30,"Overweight","Obesity"))) -> Obesity | L1071: 10.19 | M1071: =IF(L1071<5.7,"Normal",IF(L1071<6.5,"Prediabetes","Diabetes")) -> Diabetes | N1071: =PROPER('Medical Examinations'!D1069) -> No | O1071: No | P1071: No | Q1071: 0 | R1071: =PROPER('Answer Data Cleaning'!AA1071) -> No | T1071: Id1271 | U1071: =TEXT(_xlfn.CONCAT('Answer Data Cleaning'!M1071,"-",'Answer Data Cleaning'!L1071,"-",'Answer Data Cleaning'!K1071),"DD-MMM-YYYY") -> 03-Aug-1975 | V1071: =DATEDIF(U1071,"08-jun-2023","y") -> 47 | W1071: 1 | X1071: 8627.54 | Y1071: tier - 2 | Z1071: tier - 2 | AA1071: R1017
B1072: Id1069 | C1072: Wallace, Ms. Claire | D1072: Ms | E1072: Claire | F1072: Wallace | I1072: Id1069 | J1072: 30.5 | K1072: =IF(J1072<18.5,"Underweight",IF(J1072<25,"Normal Weight",IF(J1072<30,"Overweight","Obesity"))) -> Obesity | L1072: 10.79 | M1072: =IF(L1072<5.7,"Normal",IF(L1072<6.5,"Prediabetes","Diabetes")) -> Diabetes | N1072: =PROPER('Medical Examinations'!D1070) -> No | O1072: No | P1072: No | Q1072: 0 | R1072: =PROPER('Answer Data Cleaning'!AA1072) -> No | T1072: Id1270 | U1072: =TEXT(_xlfn.CONCAT('Answer Data Cleaning'!M1072,"-",'Answer Data Cleaning'!L1072,"-",'Answer Data Cleaning'!K1072),"DD-MMM-YYYY") -> 21-Oct-1965 | V1072: =DATEDIF(U1072,"08-jun-2023","y") -> 57 | W1072: 0 | X1072: 8665.09 | Y1072: tier - 3 | Z1072: tier - 2 | AA1072: R1012
B1073: Id1070 | C1073: Markowitz, Ms. Lynn M. | D1073: Ms | E1073: Lynn M | F1073: Markowitz | I1073: Id1070 | J1073: 30.3 | K1073: =IF(J1073<18.5,"Underweight",IF(J1073<25,"Normal Weight",IF(J1073<30,"Overweight","Obesity"))) -> Obesity | L1073: 4.24 | M1073: =IF(L1073<5.7,"Normal",IF(L1073<6.5,"Prediabetes","Diabetes")) -> Normal | N1073: =PROPER('Medical Examinations'!D1071) -> No | O1073: No | P1073: No | Q1073: 0 | R1073: =PROPER('Answer Data Cleaning'!AA1073) -> No | T1073: Id1269 | U1073: =TEXT(_xlfn.CONCAT('Answer Data Cleaning'!M1073,"-",'Answer Data Cleaning'!L1073,"-",'Answer Data Cleaning'!K1073),"DD-MMM-YYYY") -> 10-Aug-1969 | V1073: =DATEDIF(U1073,"08-jun-2023","y") -> 53 | W1073: 0 | X1073: 8665.14 | Y1073: tier - 2 | Z1073: tier - 3 | AA1073: R1013
B1074: Id1071 | C1074: Vos, Ms. Sharon | D1074: Ms | E1074: Sharon | F1074: Vos | I1074: Id1071 | J1074: 26.22 | K1074: =IF(J1074<18.5,"Underweight",IF(J1074<25,"Normal Weight",IF(J1074<30,"Overweight","Obesity"))) -> Overweight | L1074: 5.83 | M1074: =IF(L1074<5.7,"Normal",IF(L1074<6.5,"Prediabetes","Diabetes")) -> Prediabetes | N1074: =PROPER('Medical Examinations'!D1072) -> No | O1074: No | P1074: No | Q1074: 2 | R1074: =PROPER('Answer Data Cleaning'!AA1074) -> No | T1074: Id1268 | U1074: =TEXT(_xlfn.CONCAT('Answer Data Cleaning'!M1074,"-",'Answer Data Cleaning'!L1074,"-",'Answer Data Cleaning'!K1074),"DD-MMM-YYYY") -> 16-Aug-1974 | V1074: =DATEDIF(U1074,"08-jun-2023","y") -> 48 | W1074: 0 | X1074: 8671.19 | Y1074: tier - 2 | Z1074: tier - 1 | AA1074: R1012
B1075: Id1072 | C1075: McLeod, Mrs. Candice | D1075: Mrs | E1075: Candice | F1075: McLeod | I1075: Id1072 | J1075: 29.99 | K1075: =IF(J1075<18.5,"Underweight",IF(J1075<25,"Normal Weight",IF(J1075<30,"Overweight","Obesity"))) -> Overweight | L1075: 11.85 | M1075: =IF(L1075<5.7,"Normal",IF(L1075<6.5,"Prediabetes","Diabetes")) -> Diabetes | N1075: =PROPER('Medical Examinations'!D1073) -> No | O1075: No | P1075: No | Q1075: 0 | R1075: =PROPER('Answer Data Cleaning'!AA1075) -> No | T1075: Id1267 | U1075: =TEXT(_xlfn.CONCAT('Answer Data Cleaning'!M1075,"-",'Answer Data Cleaning'!L1075,"-",'Answer Data Cleaning'!K1075),"DD-MMM-YYYY") -> 11-Oct-1973 | V1075: =DATEDIF(U1075,"08-jun-2023","y") -> 49 | W1075: 0 | X1075: 8688.86 | Y1075: tier - 2 | Z1075: tier - 1 | AA1075: R1017
B1076: Id1073 | C1076: Balcom, Ms. Jennifer D | D1076: Ms | E1076: Jennifer D | F1076: Balcom | I1076: Id1073 | J1076: 36.38 | K1076: =IF(J1076<18.5,"Underweight",IF(J1076<25,"Normal Weight",IF(J1076<30,"Overweight","Obesity"))) -> Obesity | L1076: 5.98 | M1076: =IF(L1076<5.7,"Normal",IF(L1076<6.5,"Prediabetes","Diabetes")) -> Prediabetes | N1076: =PROPER('Medical Examinations'!D1074) -> No | O1076: No | P1076: No | Q1076: 1 | R1076: =PROPER('Answer Data Cleaning'!AA1076) -> No | T1076: Id1266 | U1076: =TEXT(_xlfn.CONCAT('Answer Data Cleaning'!M1076,"-",'Answer Data Cleaning'!L1076,"-",'Answer Data Cleaning'!K1076),"DD-MMM-YYYY") -> 28-Oct-1980 | V1076: =DATEDIF(U1076,"08-jun-2023","y") -> 42 | W1076: 2 | X1076: 8701.84 | Y1076: tier - 2 | Z1076: tier - 3 | AA1076: R1021
B1077: Id1074 | C1077: Dirth, Mr. Eric | D1077: Mr | E1077: Eric | F1077: Dirth | I1077: Id1074 | J1077: 31.16 | K1077: =IF(J1077<18.5,"Underweight",IF(J1077<25,"Normal Weight",IF(J1077<30,"Overweight","Obesity"))) -> Obesity | L1077: 4.26 | M1077: =IF(L1077<5.7,"Normal",IF(L1077<6.5,"Prediabetes","Diabetes")) -> Normal | N1077: =PROPER('Medical Examinations'!D1075) -> Yes | O1077: No | P1077: Yes | Q1077: 1 | R1077: =PROPER('Answer Data Cleaning'!AA1077) -> No | T1077: Id1265 | U1077: =TEXT(_xlfn.CONCAT('Answer Data Cleaning'!M1077,"-",'Answer Data Cleaning'!L1077,"-",'Answer Data Cleaning'!K1077),"DD-MMM-YYYY") -> 25-Jun-1973 | V1077: =DATEDIF(U1077,"08-jun-2023","y") -> 49 | W1077: 1 | X1077: 8703.46 | Y1077: tier - 3 | Z1077: tier - 3 | AA1077: R1011
... B1297: Id1294 | C1297: Tadich, Ms. Katarina D | D1297: Ms | E1297: Katarina D | F1297: Tadich | I1297: Id1294 | J1297: 27.83 | K1297: =IF(J1297<18.5,"Underweight",IF(J1297<25,"Normal Weight",IF(J1297<30,"Overweight","Obesity"))) -> Overweight | L1297: 5.39 | M1297: =IF(L1297<5.7,"Normal",IF(L1297<6.5,"Prediabetes","Diabetes")) -> Normal | N1297: =PROPER('Medical Examinations'!D1295) -> No | O1297: No | P1297: No | Q1297: 0 | R1297: =PROPER('Answer Data Cleaning'!AA1297) -> No | T1297: Id1045 | U1297: =TEXT(_xlfn.CONCAT('Answer Data Cleaning'!M1297,"-",'Answer Data Cleaning'!L1297,"-",'Answer Data Cleaning'!K1297),"DD-MMM-YYYY") -> 29-Aug-1986 | V1297: =DATEDIF(U1297,"08-jun-2023","y") -> 36 | W1297: 3 | X1297: 10749.02 | Y1297: tier - 3 | Z1297: tier - 1 | AA1297: R1026
B1298: Id1295 | C1298: Christenson, Mr. B.j. | D1298: Mr | E1298: B | F1298: Christenson | G1298: j | I1298: Id1295 | J1298: 39.64 | K1298: =IF(J1298<18.5,"Underweight",IF(J1298<25,"Normal Weight",IF(J1298<30,"Overweight","Obesity"))) -> Obesity | L1298: 6 | M1298: =IF(L1298<5.7,"Normal",IF(L1298<6.5,"Prediabetes","Diabetes")) -> Prediabetes | N1298: =PROPER('Medical Examinations'!D1296) -> No | O1298: No | P1298: Yes | Q1298: 1 | R1298: =PROPER('Answer Data Cleaning'!AA1298) -> No | T1298: Id1044 | U1298: =TEXT(_xlfn.CONCAT('Answer Data Cleaning'!M1298,"-",'Answer Data Cleaning'!L1298,"-",'Answer Data Cleaning'!K1298),"DD-MMM-YYYY") -> 25-Nov-1989 | V1298: =DATEDIF(U1298,"08-jun-2023","y") -> 33 | W1298: 3 | X1298: 10769.75 | Y1298: tier - 3 | Z1298: tier - 2 | AA1298: R1022
...

Sheet Healthcare
A1: 1,2 | B1: Customer ID | C1: =VLOOKUP($B1,'Answer Data Transformation'!$B$3:$F$2338,4,FALSE) -> First Name | D1: =VLOOKUP($B1,'Answer Data Transformation'!$I$3:$R$2338,2,FALSE) -> BMI | E1: =VLOOKUP($B1,'Answer Data Transformation'!$I$3:$R$2338,4,FALSE) -> HBA1C | F1: =VLOOKUP($B1,'Answer Data Transformation'!$I$3:$R$2338,6,FALSE) -> Heart Issues | G1: =VLOOKUP($B1,'Answer Data Transformation'!$I$3:$R$2338,7,FALSE) -> Any Transplants | H1: =VLOOKUP($B1,'Answer Data Transformation'!$I$3:$R$2338,8,FALSE) -> Cancer history | I1: =VLOOKUP($B1,'Answer Data Transformation'!$I$3:$R$2338,9,FALSE) -> NumberOfMajorSurgeries | J1: =VLOOKUP($B1,'Answer Data Transformation'!$I$3:$R$2338,10,FALSE) -> Smoker | K1: =VLOOKUP($B1,'Answer Data Transformation'!$I$3:$R$2338,3,FALSE) -> Weight Status | L1: =VLOOKUP($B1,'Answer Data Transformation'!$I$3:$R$2338,5,FALSE) -> Diabetes Status | M1: =VLOOKUP($B1,'Answer Data Transformation'!$T$3:$AA$2346,2,FALSE) -> Date of Birth | N1: =VLOOKUP($B1,'Answer Data Transformation'!$T$3:$AA$2346,4,FALSE) -> children | O1: =VLOOKUP($B1,'Answer Data Transformation'!$T$3:$AA$2346,5,FALSE) -> charges | P1: =VLOOKUP($B1,'Answer Data Transformation'!$T$3:$AA$2346,6,FALSE) -> Hospital tier | Q1: =VLOOKUP($B1,'Answer Data Transformation'!$T$3:$AA$2346,7,FALSE) -> City tier | R1: =VLOOKUP($B1,'Answer Data Transformation'!$T$3:$AA$2346,8,FALSE) -> State ID | S1: =VLOOKUP($B1,'Answer Data Transformation'!$T$3:$AA$2346,3,FALSE) -> Age
B2: Id1 | C2: =VLOOKUP(B2,'Answer Data Transformation'!$B$3:$F$2338,4,FALSE) -> Kelly | D2: =VLOOKUP($B2,'Answer Data Transformation'!$I$3:$R$2338,2,FALSE) -> 47.41 | E2: =VLOOKUP($B2,'Answer Data Transformation'!$I$3:$R$2338,4,FALSE) -> 7.47 | F2: =VLOOKUP($B2,'Answer Data Transformation'!$I$3:$R$2338,6,FALSE) -> No | G2: =VLOOKUP($B2,'Answer Data Transformation'!$I$3:$R$2338,7,FALSE) -> No | H2: =VLOOKUP($B2,'Answer Data Transformation'!$I$3:$R$2338,8,FALSE) -> No | I2: =VLOOKUP($B2,'Answer Data Transformation'!$I$3:$R$2338,9,FALSE) -> 0 | J2: =VLOOKUP($B2,'Answer Data Transformation'!$I$3:$R$2338,10,FALSE) -> Yes | K2: =VLOOKUP($B2,'Answer Data Transformation'!$I$3:$R$2338,3,FALSE) -> Obesity | L2: =VLOOKUP($B2,'Answer Data Transformation'!$I$3:$R$2338,5,FALSE) -> Diabetes | M2: =VLOOKUP($B2,'Answer Data Transformation'!$T$3:$AA$2346,2,FALSE) -> 12-Oct-1968 | N2: =VLOOKUP($B2,'Answer Data Transformation'!$T$3:$AA$2346,4,FALSE) -> 0 | O2: =VLOOKUP($B2,'Answer Data Transformation'!$T$3:$AA$2346,5,FALSE) -> 63770.43 | P2: =VLOOKUP($B2,'Answer Data Transformation'!$T$3:$AA$2346,6,FALSE) -> tier - 1 | Q2: =VLOOKUP($B2,'Answer Data Transformation'!$T$3:$AA$2346,7,FALSE) -> tier - 3 | R2: =VLOOKUP($B2,'Answer Data Transformation'!$T$3:$AA$2346,8,FALSE) -> R1013 | S2: =VLOOKUP($B2,'Answer Data Transformation'!$T$3:$AA$2346,3,FALSE) -> 54
B3: Id2 | C3: =VLOOKUP(B3,'Answer Data Transformation'!$B$3:$F$2338,4,FALSE) -> Matthew D | D3: =VLOOKUP($B3,'Answer Data Transformation'!$I$3:$R$2338,2,FALSE) -> 30.36 | E3: =VLOOKUP($B3,'Answer Data Transformation'!$I$3:$R$2338,4,FALSE) -> 5.77 | F3: =VLOOKUP($B3,'Answer Data Transformation'!$I$3:$R$2338,6,FALSE) -> No | G3: =VLOOKUP($B3,'Answer Data Transformation'!$I$3:$R$2338,7,FALSE) -> No | H3: =VLOOKUP($B3,'Answer Data Transformation'!$I$3:$R$2338,8,FALSE) -> No | I3: =VLOOKUP($B3,'Answer Data Transformation'!$I$3:$R$2338,9,FALSE) -> 0 | J3: =VLOOKUP($B3,'Answer Data Transformation'!$I$3:$R$2338,10,FALSE) -> Yes | K3: =VLOOKUP($B3,'Answer Data Transformation'!$I$3:$R$2338,3,FALSE) -> Obesity | L3: =VLOOKUP($B3,'Answer Data Transformation'!$I$3:$R$2338,5,FALSE) -> Prediabetes | M3: =VLOOKUP($B3,'Answer Data Transformation'!$T$3:$AA$2346,2,FALSE) -> 08-Jun-1977 | N3: =VLOOKUP($B3,'Answer Data Transformation'!$T$3:$AA$2346,4,FALSE) -> 0 | O3: =VLOOKUP($B3,'Answer Data Transformation'!$T$3:$AA$2346,5,FALSE) -> 62592.87 | P3: =VLOOKUP($B3,'Answer Data Transformation'!$T$3:$AA$2346,6,FALSE) -> tier - 2 | Q3: =VLOOKUP($B3,'Answer Data Transformation'!$T$3:$AA$2346,7,FALSE) -> tier - 3 | R3: =VLOOKUP($B3,'Answer Data Transformation'!$T$3:$AA$2346,8,FALSE) -> R1013 | S3: =VLOOKUP($B3,'Answer Data Transformation'!$T$3:$AA$2346,3,FALSE) -> 46
B4: Id3 | C4: =VLOOKUP(B4,'Answer Data Transformation'!$B$3:$F$2338,4,FALSE) -> Phil | D4: =VLOOKUP($B4,'Answer Data Transformation'!$I$3:$R$2338,2,FALSE) -> 34.485 | E4: =VLOOKUP($B4,'Answer Data Transformation'!$I$3:$R$2338,4,FALSE) -> 11.87 | F4: =VLOOKUP($B4,'Answer Data Transformation'!$I$3:$R$2338,6,FALSE) -> Yes | G4: =VLOOKUP($B4,'Answer Data Transformation'!$I$3:$R$2338,7,FALSE) -> No | H4: =VLOOKUP($B4,'Answer Data Transformation'!$I$3:$R$2338,8,FALSE) -> No | I4: =VLOOKUP($B4,'Answer Data Transformation'!$I$3:$R$2338,9,FALSE) -> 2 | J4: =VLOOKUP($B4,'Answer Data Transformation'!$I$3:$R$2338,10,FALSE) -> Yes | K4: =VLOOKUP($B4,'Answer Data Transformation'!$I$3:$R$2338,3,FALSE) -> Obesity | L4: =VLOOKUP($B4,'Answer Data Transformation'!$I$3:$R$2338,5,FALSE) -> Diabetes | M4: =VLOOKUP($B4,'Answer Data Transformation'!$T$3:$AA$2346,2,FALSE) -> 11-Sep-1970 | N4: =VLOOKUP($B4,'Answer Data Transformation'!$T$3:$AA$2346,4,FALSE) -> 3 | O4: =VLOOKUP($B4,'Answer Data Transformation'!$T$3:$AA$2346,5,FALSE) -> 60021.4 | P4: =VLOOKUP($B4,'Answer Data Transformation'!$T$3:$AA$2346,6,FALSE) -> tier - 1 | Q4: =VLOOKUP($B4,'Answer Data Transformation'!$T$3:$AA$2346,7,FALSE) -> tier - 1 | R4: =VLOOKUP($B4,'Answer Data Transformation'!$T$3:$AA$2346,8,FALSE) -> R1012 | S4: =VLOOKUP($B4,'Answer Data Transformation'!$T$3:$AA$2346,3,FALSE) -> 52
B5: Id4 | C5: =VLOOKUP(B5,'Answer Data Transformation'!$B$3:$F$2338,4,FALSE) -> Kelsey | D5: =VLOOKUP($B5,'Answer Data Transformation'!$I$3:$R$2338,2,FALSE) -> 38.095 | E5: =VLOOKUP($B5,'Answer Data Transformation'!$I$3:$R$2338,4,FALSE) -> 6.05 | F5: =VLOOKUP($B5,'Answer Data Transformation'!$I$3:$R$2338,6,FALSE) -> No | G5: =VLOOKUP($B5,'Answer Data Transformation'!$I$3:$R$2338,7,FALSE) -> No | H5: =VLOOKUP($B5,'Answer Data Transformation'!$I$3:$R$2338,8,FALSE) -> No | I5: =VLOOKUP($B5,'Answer Data Transformation'!$I$3:$R$2338,9,FALSE) -> 0 | J5: =VLOOKUP($B5,'Answer Data Transformation'!$I$3:$R$2338,10,FALSE) -> Yes | K5: =VLOOKUP($B5,'Answer Data Transformation'!$I$3:$R$2338,3,FALSE) -> Obesity | L5: =VLOOKUP($B5,'Answer Data Transformation'!$I$3:$R$2338,5,FALSE) -> Prediabetes | M5: =VLOOKUP($B5,'Answer Data Transformation'!$T$3:$AA$2346,2,FALSE) -> 06-Jun-1991 | N5: =VLOOKUP($B5,'Answer Data Transformation'!$T$3:$AA$2346,4,FALSE) -> 1 | O5: =VLOOKUP($B5,'Answer Data Transformation'!$T$3:$AA$2346,5,FALSE) -> 58571.07 | P5: =VLOOKUP($B5,'Answer Data Transformation'!$T$3:$AA$2346,6,FALSE) -> tier - 1 | Q5: =VLOOKUP($B5,'Answer Data Transformation'!$T$3:$AA$2346,7,FALSE) -> tier - 3 | R5: =VLOOKUP($B5,'Answer Data Transformation'!$T$3:$AA$2346,8,FALSE) -> R1024 | S5: =VLOOKUP($B5,'Answer Data Transformation'!$T$3:$AA$2346,3,FALSE) -> 32
B6: Id5 | C6: =VLOOKUP(B6,'Answer Data Transformation'!$B$3:$F$2338,4,FALSE) -> Kristyn | D6: =VLOOKUP($B6,'Answer Data Transformation'!$I$3:$R$2338,2,FALSE) -> 35.53 | E6: =VLOOKUP($B6,'Answer Data Transformation'!$I$3:$R$2338,4,FALSE) -> 5.45 | F6: =VLOOKUP($B6,'Answer Data Transformation'!$I$3:$R$2338,6,FALSE) -> No | G6: =VLOOKUP($B6,'Answer Data Transformation'!$I$3:$R$2338,7,FALSE) -> No | H6: =VLOOKUP($B6,'Answer Data Transformation'!$I$3:$R$2338,8,FALSE) -> No | I6: =VLOOKUP($B6,'Answer Data Transformation'!$I$3:$R$2338,9,FALSE) -> 0 | J6: =VLOOKUP($B6,'Answer Data Transformation'!$I$3:$R$2338,10,FALSE) -> Yes | K6: =VLOOKUP($B6,'Answer Data Transformation'!$I$3:$R$2338,3,FALSE) -> Obesity | L6: =VLOOKUP($B6,'Answer Data Transformation'!$I$3:$R$2338,5,FALSE) -> Normal | M6: =VLOOKUP($B6,'Answer Data Transformation'!$T$3:$AA$2346,2,FALSE) -> 19-Jun-1989 | N6: =VLOOKUP($B6,'Answer Data Transformation'!$T$3:$AA$2346,4,FALSE) -> 0 | O6: =VLOOKUP($B6,'Answer Data Transformation'!$T$3:$AA$2346,5,FALSE) -> 55135.4 | P6: =VLOOKUP($B6,'Answer Data Transformation'!$T$3:$AA$2346,6,FALSE) -> tier - 1 | Q6: =VLOOKUP($B6,'Answer Data Transformation'!$T$3:$AA$2346,7,FALSE) -> tier - 2 | R6: =VLOOKUP($B6,'Answer Data Transformation'!$T$3:$AA$2346,8,FALSE) -> R1012 | S6: =VLOOKUP($B6,'Answer Data Transformation'!$T$3:$AA$2346,3,FALSE) -> 33
B7: Id6 | C7: =VLOOKUP(B7,'Answer Data Transformation'!$B$3:$F$2338,4,FALSE) -> Russell B | D7: =VLOOKUP($B7,'Answer Data Transformation'!$I$3:$R$2338,2,FALSE) -> 32.8 | E7: =VLOOKUP($B7,'Answer Data Transformation'!$I$3:$R$2338,4,FALSE) -> 6.59 | F7: =VLOOKUP($B7,'Answer Data Transformation'!$I$3:$R$2338,6,FALSE) -> No | G7: =VLOOKUP($B7,'Answer Data Transformation'!$I$3:$R$2338,7,FALSE) -> No | H7: =VLOOKUP($B7,'Answer Data Transformation'!$I$3:$R$2338,8,FALSE) -> No | I7: =VLOOKUP($B7,'Answer Data Transformation'!$I$3:$R$2338,9,FALSE) -> 0 | J7: =VLOOKUP($B7,'Answer Data Transformation'!$I$3:$R$2338,10,FALSE) -> Yes | K7: =VLOOKUP($B7,'Answer Data Transformation'!$I$3:$R$2338,3,FALSE) -> Obesity | L7: =VLOOKUP($B7,'Answer Data Transformation'!$I$3:$R$2338,5,FALSE) -> Diabetes | M7: =VLOOKUP($B7,'Answer Data Transformation'!$T$3:$AA$2346,2,FALSE) -> 04-Aug-1962 | N7: =VLOOKUP($B7,'Answer Data Transformation'!$T$3:$AA$2346,4,FALSE) -> 0 | O7: =VLOOKUP($B7,'Answer Data Transformation'!$T$3:$AA$2346,5,FALSE) -> 52590.83 | P7: =VLOOKUP($B7,'Answer Data Transformation'!$T$3:$AA$2346,6,FALSE) -> tier - 1 | Q7: =VLOOKUP($B7,'Answer Data Transformation'!$T$3:$AA$2346,7,FALSE) -> tier - 3 | R7: =VLOOKUP($B7,'Answer Data Transformation'!$T$3:$AA$2346,8,FALSE) -> R1011 | S7: =VLOOKUP($B7,'Answer Data Transformation'!$T$3:$AA$2346,3,FALSE) -> 60
B8: Id7 | C8: =VLOOKUP(B8,'Answer Data Transformation'!$B$3:$F$2338,4,FALSE) -> Scott | D8: =VLOOKUP($B8,'Answer Data Transformation'!$I$3:$R$2338,2,FALSE) -> 36.4 | E8: =VLOOKUP($B8,'Answer Data Transformation'!$I$3:$R$2338,4,FALSE) -> 6.07 | F8: =VLOOKUP($B8,'Answer Data Transformation'!$I$3:$R$2338,6,FALSE) -> No | G8: =VLOOKUP($B8,'Answer Data Transformation'!$I$3:$R$2338,7,FALSE) -> No | H8: =VLOOKUP($B8,'Answer Data Transformation'!$I$3:$R$2338,8,FALSE) -> No | I8: =VLOOKUP($B8,'Answer Data Transformation'!$I$3:$R$2338,9,FALSE) -> 0 | J8: =VLOOKUP($B8,'Answer Data Transformation'!$I$3:$R$2338,10,FALSE) -> Yes | K8: =VLOOKUP($B8,'Answer Data Transformation'!$I$3:$R$2338,3,FALSE) -> Obesity | L8: =VLOOKUP($B8,'Answer Data Transformation'!$I$3:$R$2338,5,FALSE) -> Prediabetes | M8: =VLOOKUP($B8,'Answer Data Transformation'!$T$3:$AA$2346,2,FALSE) -> 27-Oct-1994 | N8: =VLOOKUP($B8,'Answer Data Transformation'!$T$3:$AA$2346,4,FALSE) -> 1 | O8: =VLOOKUP($B8,'Answer Data Transformation'!$T$3:$AA$2346,5,FALSE) -> 51194.56 | P8: =VLOOKUP($B8,'Answer Data Transformation'!$T$3:$AA$2346,6,FALSE) -> tier - 1 | Q8: =VLOOKUP($B8,'Answer Data Transformation'!$T$3:$AA$2346,7,FALSE) -> tier - 3 | R8: =VLOOKUP($B8,'Answer Data Transformation'!$T$3:$AA$2346,8,FALSE) -> R1011 | S8: =VLOOKUP($B8,'Answer Data Transformation'!$T$3:$AA$2346,3,FALSE) -> 28
B9: Id8 | C9: =VLOOKUP(B9,'Answer Data Transformation'!$B$3:$F$2338,4,FALSE) -> Stephen | D9: =VLOOKUP($B9,'Answer Data Transformation'!$I$3:$R$2338,2,FALSE) -> 36.96 | E9: =VLOOKUP($B9,'Answer Data Transformation'!$I$3:$R$2338,4,FALSE) -> 7.93 | F9: =VLOOKUP($B9,'Answer Data Transformation'!$I$3:$R$2338,6,FALSE) -> No | G9: =VLOOKUP($B9,'Answer Data Transformation'!$I$3:$R$2338,7,FALSE) -> No | H9: =VLOOKUP($B9,'Answer Data Transformation'!$I$3:$R$2338,8,FALSE) -> No | I9: =VLOOKUP($B9,'Answer Data Transformation'!$I$3:$R$2338,9,FALSE) -> 3 | J9: =VLOOKUP($B9,'Answer Data Transformation'!$I$3:$R$2338,10,FALSE) -> Yes | K9: =VLOOKUP($B9,'Answer Data Transformation'!$I$3:$R$2338,3,FALSE) -> Obesity | L9: =VLOOKUP($B9,'Answer Data Transformation'!$I$3:$R$2338,5,FALSE) -> Diabetes | M9: =VLOOKUP($B9,'Answer Data Transformation'!$T$3:$AA$2346,2,FALSE) -> 27-Jun-1958 | N9: =VLOOKUP($B9,'Answer Data Transformation'!$T$3:$AA$2346,4,FALSE) -> 2 | O9: =VLOOKUP($B9,'Answer Data Transformation'!$T$3:$AA$2346,5,FALSE) -> 49577.66 | P9: =VLOOKUP($B9,'Answer Data Transformation'!$T$3:$AA$2346,6,FALSE) -> tier - 2 | Q9: =VLOOKUP($B9,'Answer Data Transformation'!$T$3:$AA$2346,7,FALSE) -> tier - 2 | R9: =VLOOKUP($B9,'Answer Data Transformation'!$T$3:$AA$2346,8,FALSE) -> R1013 | S9: =VLOOKUP($B9,'Answer Data Transformation'!$T$3:$AA$2346,3,FALSE) -> 64
B10: Id9 | C10: =VLOOKUP(B10,'Answer Data Transformation'!$B$3:$F$2338,4,FALSE) -> Patrick R | D10: =VLOOKUP($B10,'Answer Data Transformation'!$I$3:$R$2338,2,FALSE) -> 41.14 | E10: =VLOOKUP($B10,'Answer Data Transformation'!$I$3:$R$2338,4,FALSE) -> 9.58 | F10: =VLOOKUP($B10,'Answer Data Transformation'!$I$3:$R$2338,6,FALSE) -> Yes | G10: =VLOOKUP($B10,'Answer Data Transformation'!$I$3:$R$2338,7,FALSE) -> No | H10: =VLOOKUP($B10,'Answer Data Transformation'!$I$3:$R$2338,8,FALSE) -> Yes | I10: =VLOOKUP($B10,'Answer Data Transformation'!$I$3:$R$2338,9,FALSE) -> 1 | J10: =VLOOKUP($B10,'Answer Data Transformation'!$I$3:$R$2338,10,FALSE) -> Yes | K10: =VLOOKUP($B10,'Answer Data Transformation'!$I$3:$R$2338,3,FALSE) -> Obesity | L10: =VLOOKUP($B10,'Answer Data Transformation'!$I$3:$R$2338,5,FALSE) -> Diabetes | M10: =VLOOKUP($B10,'Answer Data Transformation'!$T$3:$AA$2346,2,FALSE) -> 04-Sep-1963 | N10: =VLOOKUP($B10,'Answer Data Transformation'!$T$3:$AA$2346,4,FALSE) -> 1 | O10: =VLOOKUP($B10,'Answer Data Transformation'!$T$3:$AA$2346,5,FALSE) -> 48970.25 | P10: =VLOOKUP($B10,'Answer Data Transformation'!$T$3:$AA$2346,6,FALSE) -> tier - 1 | Q10: =VLOOKUP($B10,'Answer Data Transformation'!$T$3:$AA$2346,7,FALSE) -> tier - 2 | R10: =VLOOKUP($B10,'Answer Data Transformation'!$T$3:$AA$2346,8,FALSE) -> R1013 | S10: =VLOOKUP($B10,'Answer Data Transformation'!$T$3:$AA$2346,3,FALSE) -> 59
B11: Id10 | C11: =VLOOKUP(B11,'Answer Data Transformation'!$B$3:$F$2338,4,FALSE) -> Brooke N | D11: =VLOOKUP($B11,'Answer Data Transformation'!$I$3:$R$2338,2,FALSE) -> 38.06 | E11: =VLOOKUP($B11,'Answer Data Transformation'!$I$3:$R$2338,4,FALSE) -> 10.79 | F11: =VLOOKUP($B11,'Answer Data Transformation'!$I$3:$R$2338,6,FALSE) -> No | G11: =VLOOKUP($B11,'Answer Data Transformation'!$I$3:$R$2338,7,FALSE) -> No | H11: =VLOOKUP($B11,'Answer Data Transformation'!$I$3:$R$2338,8,FALSE) -> No | I11: =VLOOKUP($B11,'Answer Data Transformation'!$I$3:$R$2338,9,FALSE) -> 0 | J11: =VLOOKUP($B11,'Answer Data Transformation'!$I$3:$R$2338,10,FALSE) -> Yes | K11: =VLOOKUP($B11,'Answer Data Transformation'!$I$3:$R$2338,3,FALSE) -> Obesity | L11: =VLOOKUP($B11,'Answer Data Transformation'!$I$3:$R$2338,5,FALSE) -> Diabetes | M11: =VLOOKUP($B11,'Answer Data Transformation'!$T$3:$AA$2346,2,FALSE) -> 29-Dec-1978 | N11: =VLOOKUP($B11,'Answer Data Transformation'!$T$3:$AA$2346,4,FALSE) -> 0 | O11: =VLOOKUP($B11,'Answer Data Transformation'!$T$3:$AA$2346,5,FALSE) -> 48885.14 | P11: =VLOOKUP($B11,'Answer Data Transformation'!$T$3:$AA$2346,6,FALSE) -> tier - 1 | Q11: =VLOOKUP($B11,'Answer Data Transformation'!$T$3:$AA$2346,7,FALSE) -> tier - 2 | R11: =VLOOKUP($B11,'Answer Data Transformation'!$T$3:$AA$2346,8,FALSE) -> R1013 | S11: =VLOOKUP($B11,'Answer Data Transformation'!$T$3:$AA$2346,3,FALSE) -> 44
B12: Id11 | C12: =VLOOKUP(B12,'Answer Data Transformation'!$B$3:$F$2338,4,FALSE) -> Paola Andrea | D12: =VLOOKUP($B12,'Answer Data Transformation'!$I$3:$R$2338,2,FALSE) -> 37.7 | E12: =VLOOKUP($B12,'Answer Data Transformation'!$I$3:$R$2338,4,FALSE) -> 5.96 | F12: =VLOOKUP($B12,'Answer Data Transformation'!$I$3:$R$2338,6,FALSE) -> Yes | G12: =VLOOKUP($B12,'Answer Data Transformation'!$I$3:$R$2338,7,FALSE) -> No | H12: =VLOOKUP($B12,'Answer Data Transformation'!$I$3:$R$2338,8,FALSE) -> No | I12: =VLOOKUP($B12,'Answer Data Transformation'!$I$3:$R$2338,9,FALSE) -> 2 | J12: =VLOOKUP($B12,'Answer Data Transformation'!$I$3:$R$2338,10,FALSE) -> Yes | K12: =VLOOKUP($B12,'Answer Data Transformation'!$I$3:$R$2338,3,FALSE) -> Obesity | L12: =VLOOKUP($B12,'Answer Data Transformation'!$I$3:$R$2338,5,FALSE) -> Prediabetes | M12: =VLOOKUP($B12,'Answer Data Transformation'!$T$3:$AA$2346,2,FALSE) -> 22-Jul-1959 | N12: =VLOOKUP($B12,'Answer Data Transformation'!$T$3:$AA$2346,4,FALSE) -> 0 | O12: =VLOOKUP($B12,'Answer Data Transformation'!$T$3:$AA$2346,5,FALSE) -> 48824.45 | P12: =VLOOKUP($B12,'Answer Data Transformation'!$T$3:$AA$2346,6,FALSE) -> tier - 2 | Q12: =VLOOKUP($B12,'Answer Data Transformation'!$T$3:$AA$2346,7,FALSE) -> tier - 1 | R12: =VLOOKUP($B12,'Answer Data Transformation'!$T$3:$AA$2346,8,FALSE) -> R1011 | S12: =VLOOKUP($B12,'Answer Data Transformation'!$T$3:$AA$2346,3,FALSE) -> 63
B13: Id12 | C13: =VLOOKUP(B13,'Answer Data Transformation'!$B$3:$F$2338,4,FALSE) -> David | D13: =VLOOKUP($B13,'Answer Data Transformation'!$I$3:$R$2338,2,FALSE) -> 42.13 | E13: =VLOOKUP($B13,'Answer Data Transformation'!$I$3:$R$2338,4,FALSE) -> 11.9 | F13: =VLOOKUP($B13,'Answer Data Transformation'!$I$3:$R$2338,6,FALSE) -> No | G13: =VLOOKUP($B13,'Answer Data Transformation'!$I$3:$R$2338,7,FALSE) -> No | H13: =VLOOKUP($B13,'Answer Data Transformation'!$I$3:$R$2338,8,FALSE) -> No | I13: =VLOOKUP($B13,'Answer Data Transformation'!$I$3:$R$2338,9,FALSE) -> 0 | J13: =VLOOKUP($B13,'Answer Data Transformation'!$I$3:$R$2338,10,FALSE) -> Yes | K13: =VLOOKUP($B13,'Answer Data Transformation'!$I$3:$R$2338,3,FALSE) -> Obesity | L13: =VLOOKUP($B13,'Answer Data Transformation'!$I$3:$R$2338,5,FALSE) -> Diabetes | M13: =VLOOKUP($B13,'Answer Data Transformation'!$T$3:$AA$2346,2,FALSE) -> 27-Oct-1965 | N13: =VLOOKUP($B13,'Answer Data Transformation'!$T$3:$AA$2346,4,FALSE) -> 1 | O13: =VLOOKUP($B13,'Answer Data Transformation'!$T$3:$AA$2346,5,FALSE) -> 48675.52 | P13: =VLOOKUP($B13,'Answer Data Transformation'!$T$3:$AA$2346,6,FALSE) -> tier - 1 | Q13: =VLOOKUP($B13,'Answer Data Transformation'!$T$3:$AA$2346,7,FALSE) -> tier - 2 | R13: =VLOOKUP($B13,'Answer Data Transformation'!$T$3:$AA$2346,8,FALSE) -> R1013 | S13: =VLOOKUP($B13,'Answer Data Transformation'!$T$3:$AA$2346,3,FALSE) -> 57
... B2336: Id2335 | C2336: =VLOOKUP(B2336,'Answer Data Transformation'!$B$3:$F$2338,4,FALSE) -> Aaron K | D2336: =VLOOKUP($B2336,'Answer Data Transformation'!$I$3:$R$2338,2,FALSE) -> 17.58 | E2336: =VLOOKUP($B2336,'Answer Data Transformation'!$I$3:$R$2338,4,FALSE) -> 4.51 | F2336: =VLOOKUP($B2336,'Answer Data Transformation'!$I$3:$R$2338,6,FALSE) -> No | G2336: =VLOOKUP($B2336,'Answer Data Transformation'!$I$3:$R$2338,7,FALSE) -> No | H2336: =VLOOKUP($B2336,'Answer Data Transformation'!$I$3:$R$2338,8,FALSE) -> No | I2336: =VLOOKUP($B2336,'Answer Data Transformation'!$I$3:$R$2338,9,FALSE) -> 1 | J2336: =VLOOKUP($B2336,'Answer Data Transformation'!$I$3:$R$2338,10,FALSE) -> No | K2336: =VLOOKUP($B2336,'Answer Data Transformation'!$I$3:$R$2338,3,FALSE) -> Underweight | L2336: =VLOOKUP($B2336,'Answer Data Transformation'!$I$3:$R$2338,5,FALSE) -> Normal | M2336: =VLOOKUP($B2336,'Answer Data Transformation'!$T$3:$AA$2346,2,FALSE) -> 09-Jul-1992 | N2336: =VLOOKUP($B2336,'Answer Data Transformation'!$T$3:$AA$2346,4,FALSE) -> 0 | O2336: =VLOOKUP($B2336,'Answer Data Transformation'!$T$3:$AA$2346,5,FALSE) -> 563.84 | P2336: =VLOOKUP($B2336,'Answer Data Transformation'!$T$3:$AA$2346,6,FALSE) -> tier - 2 | Q2336: =VLOOKUP($B2336,'Answer Data Transformation'!$T$3:$AA$2346,7,FALSE) -> tier - 3 | R2336: =VLOOKUP($B2336,'Answer Data Transformation'!$T$3:$AA$2346,8,FALSE) -> R1013 | S2336: =VLOOKUP($B2336,'Answer Data Transformation'!$T$3:$AA$2346,3,FALSE) -> 30

Sheet Sheet6
A1: Customer ID | B1: First Name | C1: BMI | D1: HBA1C | E1: Heart Issues | F1: Any Transplants | G1: Cancer history | H1: NumberOfMajorSurgeries | I1: Smoker | J1: Weight Status | K1: Diabetes Status | L1: Date of Birth | M1: children | N1: charges | O1: Hospital tier | P1: City tier | Q1: State ID | R1: Age
A2: Id1 | B2: Kelly | C2: 47.41 | D2: 7.47 | E2: No | F2: No | G2: No | H2: 0 | I2: Yes | J2: Obesity | K2: Diabetes | L2: 12-Oct-1968 | M2: 0 | N2: 63770.43 | O2: tier - 1 | P2: tier - 3 | Q2: R1013 | R2: 54
A3: Id2 | B3: Matthew D | C3: 30.36 | D3: 5.77 | E3: No | F3: No | G3: No | H3: 0 | I3: Yes | J3: Obesity | K3: Prediabetes | L3: 08-Jun-1977 | M3: 0 | N3: 62592.87 | O3: tier - 2 | P3: tier - 3 | Q3: R1013 | R3: 46
A4: Id3 | B4: Phil | C4: 34.485 | D4: 11.87 | E4: Yes | F4: No | G4: No | H4: 2 | I4: Yes | J4: Obesity | K4: Diabetes | L4: 11-Sep-1970 | M4: 3 | N4: 60021.4 | O4: tier - 1 | P4: tier - 1 | Q4: R1012 | R4: 52
A5: Id4 | B5: Kelsey | C5: 38.095 | D5: 6.05 | E5: No | F5: No | G5: No | H5: 0 | I5: Yes | J5: Obesity | K5: Prediabetes | L5: 06-Jun-1991 | M5: 1 | N5: 58571.07 | O5: tier - 1 | P5: tier - 3 | Q5: R1024 | R5: 32
A6: Id5 | B6: Kristyn | C6: 35.53 | D6: 5.45 | E6: No | F6: No | G6: No | H6: 0 | I6: Yes | J6: Obesity | K6: Normal | L6: 19-Jun-1989 | M6: 0 | N6: 55135.4 | O6: tier - 1 | P6: tier - 2 | Q6: R1012 | R6: 33
A7: Id6 | B7: Russell B | C7: 32.8 | D7: 6.59 | E7: No | F7: No | G7: No | H7: 0 | I7: Yes | J7: Obesity | K7: Diabetes | L7: 04-Aug-1962 | M7: 0 | N7: 52590.83 | O7: tier - 1 | P7: tier - 3 | Q7: R1011 | R7: 60
A8: Id7 | B8: Scott | C8: 36.4 | D8: 6.07 | E8: No | F8: No | G8: No | H8: 0 | I8: Yes | J8: Obesity | K8: Prediabetes | L8: 27-Oct-1994 | M8: 1 | N8: 51194.56 | O8: tier - 1 | P8: tier - 3 | Q8: R1011 | R8: 28
A9: Id8 | B9: Stephen | C9: 36.96 | D9: 7.93 | E9: No | F9: No | G9: No | H9: 3 | I9: Yes | J9: Obesity | K9: Diabetes | L9: 27-Jun-1958 | M9: 2 | N9: 49577.66 | O9: tier - 2 | P9: tier - 2 | Q9: R1013 | R9: 64
A10: Id9 | B10: Patrick R | C10: 41.14 | D10: 9.58 | E10: Yes | F10: No | G10: Yes | H10: 1 | I10: Yes | J10: Obesity | K10: Diabetes | L10: 04-Sep-1963 | M10: 1 | N10: 48970.25 | O10: tier - 1 | P10: tier - 2 | Q10: R1013 | R10: 59
A11: Id10 | B11: Brooke N | C11: 38.06 | D11: 10.79 | E11: No | F11: No | G11: No | H11: 0 | I11: Yes | J11: Obesity | K11: Diabetes | L11: 29-Dec-1978 | M11: 0 | N11: 48885.14 | O11: tier - 1 | P11: tier - 2 | Q11: R1013 | R11: 44
A12: Id11 | B12: Paola Andrea | C12: 37.7 | D12: 5.96 | E12: Yes | F12: No | G12: No | H12: 2 | I12: Yes | J12: Obesity | K12: Prediabetes | L12: 22-Jul-1959 | M12: 0 | N12: 48824.45 | O12: tier - 2 | P12: tier - 1 | Q12: R1011 | R12: 63
A13: Id12 | B13: David | C13: 42.13 | D13: 11.9 | E13: No | F13: No | G13: No | H13: 0 | I13: Yes | J13: Obesity | K13: Diabetes | L13: 27-Oct-1965 | M13: 1 | N13: 48675.52 | O13: tier - 1 | P13: tier - 2 | Q13: R1013 | R13: 57
... A2336: Id2335 | B2336: Aaron K | C2336: 17.58 | D2336: 4.51 | E2336: No | F2336: No | G2336: No | H2336: 1 | I2336: No | J2336: Underweight | K2336: Normal | L2336: 09-Jul-1992 | M2336: 0 | N2336: 563.84 | O2336: tier - 2 | P2336: tier - 3 | Q2336: R1013 | R2336: 30

Sheet cancer distribution in smoker
A1: Answer 1 | B1: Analysis using Pie/Donut Chart
A2: Cancer history | B2: (All)
A4: Row Labels | B4: Count of Smoker
A5: No | B5: 1847
A6: Yes | B6: 488
A7: Grand Total | B7: 2335

Sheet Surgery and HBA1C-Transplant Hi
A1: Answer 2 | B1: Analysis using Pie/Donut Chart
A5: Row Labels | B5: Average of HBA1C | C5: Sum of NumberOfMajorSurgeries
A6: No | B6: 6.6704427 | C6: 1417
A7: yes | B7: 5.1876389 | C7: 162
A8: Grand Total | B8: 6.5789979 | C8: 1579

Sheet Charges-Weight and Diabetes
A1: Answer 1 | B1: Analysis using Column/Bar Chart
A4: Row Labels | B4: Sum of charges
A5: Normal Weight | B5: 4305290.1
A6: Obesity | B6: 20343647
A7: Overweight | B7: 5729141.8
A8: Underweight | B8: 1214279.9
A9: Grand Total | B9: 31592359

Sheet Average healthcharges state
A1: Answer 2 | B1: Analysis using Column/Bar Chart
A5: Row Labels | B5: Average of charges
A6: R1011 | B6: 19466.246
A7: R1012 | B7: 12016.474
A8: R1013 | B8: 10514.94
A9: R1014 | B9: 13478.057
A10: R1015 | B10: 13948.61
A11: R1016 | B11: 13589.263
A12: R1017 | B12: 14806.108
A13: R1018 | B13: 13272.787
A14: R1019 | B14: 13633.143
A15: R1020 | B15: 9238.4983
A16: R1021 | B16: 8933.3781
A17: R1022 | B17: 10650.521
... A23: Grand Total | B23: 13529.918

Sheet Correlation of age and BMI,HBA1
A1: Answer 1 | B1: Analysis using Line/Scatter Plot
A5: Row Labels | B5: Average of HBA1C | C5: Average of BMI
A6: 18 | B6: 5.1409574 | C6: 31.260372
A7: 19 | B7: 5.1781395 | C7: 29.654186
A8: 20 | B8: 9.3244828 | C8: 28.018276
A9: 21 | B9: 5.1174419 | C9: 29.273721
A10: 22 | B10: 5.2767308 | C10: 32.581827
A11: 23 | B11: 5.1892 | C11: 30.8293
A12: 24 | B12: 5.1626087 | C12: 29.0175
A13: 25 | B13: 5.2589474 | C13: 30.344211
A14: 26 | B14: 5.1029545 | C14: 30.441364
A15: 27 | B15: 4.9407843 | C15: 30.316275
A16: 28 | B16: 5.2207143 | C16: 31.029286
A17: 29 | B17: 5.2043396 | C17: 30.763302
... A53: 65 | B53: 9.86 | C53: 26.885
A54: Grand Total | B54: 6.5789979 | C54: 30.972649

Sheet Relationship bw age and Charges
A1: Answer 2 | B1: Analysis using Line/Scatter Plot
A4: Row Labels | B4: Average of charges
A5: 18 | B5: 6611.3116
A6: 19 | B6: 9677.1869
A7: 20 | B7: 7411.4483
A8: 21 | B8: 5214.5293
A9: 22 | B9: 9806.2325
A10: 23 | B10: 11092.934
A11: 24 | B11: 9765.5713
A12: 25 | B12: 9184.887
A13: 26 | B13: 5920.5868
A14: 27 | B14: 11846.242
A15: 28 | B15: 9219.8155
A16: 29 | B16: 9914.8
... A52: 65 | B52: 29330.98
A53: Grand Total | B53: 13529.918

Sheet Dashboard
A1: A Detailed Analysis in Healthcare System
